,Alto35,Bass35,HarmonicRhythm7,LocalKey38,PitchClassSet121,RomanNumeral31,Soprano35,Tenor35,TonicizedKey38,offset,measure
0,F,A,0,d,"(2, 5, 9)",i,A,C,d,0.0,1.0
1,E,A,1,d,"(2, 5, 9)",i,A,C,d,0.125,1.0
2,E,A,2,d,"(2, 5, 9)",i,A,C,d,0.25,1.0
3,E,A,2,d,"(2, 5, 9)",i,A,C,d,0.375,1.0
4,E,A,3,d,"(2, 5, 9)",i,A,C,d,0.5,1.0
5,E,A,3,d,"(2, 5, 9)",i,A,C,d,0.625,1.0
6,E,A,3,d,"(2, 5, 9)",i,A,C#,d,0.75,1.0
7,E,A,3,d,"(2, 5, 9)",i,A,C#,d,0.875,1.0
8,E,A,4,d,"(2, 5, 9)",i,A,C,d,1.0,1.0
9,E,A,4,d,"(2, 5, 9)",i,A,C#,d,1.125,1.0
10,E,A,4,d,"(2, 5, 9)",i,A,C#,d,1.25,1.0
11,E,A,4,d,"(2, 5, 9)",i,A,C#,d,1.375,1.0
12,E,A,4,d,"(2, 5, 9)",i,A,C#,d,1.5,1.0
13,E,A,4,d,"(2, 5, 9)",i,A,C#,d,1.625,1.0
14,E,A,4,d,"(2, 5, 9)",i,A,C#,d,1.75,1.0
15,E,A,4,d,"(2, 5, 9)",i,A,C#,d,1.875,1.0
16,E,A,5,d,"(2, 5, 9)",i,A,C,d,2.0,1.0
17,E,A,5,d,"(2, 5, 9)",i,A,C,d,2.125,1.0
18,E,A,5,d,"(2, 5, 9)",i,A,C,d,2.25,1.0
19,E,A,5,d,"(2, 5, 9)",i,A,C,d,2.375,1.0
20,E,A,5,d,"(2, 5, 9)",i,A,C#,d,2.5,1.0
21,E,A,5,d,"(2, 5, 9)",i,A,C#,d,2.625,1.0
22,E,A,5,d,"(2, 5, 9)",i,A,C#,d,2.75,1.0
23,E,A,5,d,"(2, 5, 9)",i,A,C#,d,2.875,1.0
24,F,A,0,d,"(2, 5, 9)",i,D,D,d,3.0,1.0
25,F,A,1,d,"(2, 5, 9)",i,D,D,d,3.125,1.0
26,F,A,2,d,"(2, 5, 9)",i,D,D,d,3.25,1.0
27,F,A,2,d,"(2, 5, 9)",i,D,D,d,3.375,1.0
28,F,A,3,d,"(2, 5, 9)",i,D,D,d,3.5,1.0
29,F,A,3,d,"(2, 5, 9)",i,D,D,d,3.625,1.0
30,F,A,3,d,"(2, 5, 9)",i,D,D,d,3.75,1.0
31,F,A,3,d,"(2, 5, 9)",i,D,C#,d,3.875,1.0
32,E,A,0,d,"(1, 4, 9)",V,A,C#,d,4.0,2.0
33,E,A,1,d,"(1, 4, 9)",V,A,C#,d,4.125,2.0
34,E,A,2,d,"(1, 4, 9)",V,A,C#,d,4.25,2.0
35,E,A,2,d,"(1, 4, 9)",V,A,C#,d,4.375,2.0
36,E,A,3,d,"(1, 4, 9)",V,A,C#,d,4.5,2.0
37,E,A,3,d,"(1, 4, 9)",V,A,C#,d,4.625,2.0
38,E,A,3,d,"(1, 4, 9)",V,A,C#,d,4.75,2.0
39,E,A,3,d,"(1, 4, 9)",V,A,C#,d,4.875,2.0
40,E,A,4,d,"(2, 5, 9)",i,D,C#,d,5.0,2.0
41,E,A,4,d,"(2, 5, 9)",i,D,C#,d,5.125,2.0
42,E,A,4,d,"(2, 5, 9)",i,D,C#,d,5.25,2.0
43,E,A,4,d,"(2, 5, 9)",i,D,C#,d,5.375,2.0
44,E,A,4,d,"(2, 5, 9)",i,D,C#,d,5.5,2.0
45,E,A,4,d,"(2, 5, 9)",i,D,C#,d,5.625,2.0
46,E,A,4,d,"(2, 5, 9)",i,D,C#,d,5.75,2.0
47,E,A,4,d,"(2, 5, 9)",i,D,C#,d,5.875,2.0
48,E,A,0,d,"(1, 4, 9)",V,A,C#,d,6.0,2.0
49,E,A,1,d,"(1, 4, 9)",V,A,C#,d,6.125,2.0
50,E,A,2,d,"(1, 4, 9)",V,A,C#,d,6.25,2.0
51,E,A,2,d,"(1, 4, 9)",V,A,C#,d,6.375,2.0
52,E,A,3,d,"(1, 4, 9)",V,A,C#,d,6.5,2.0
53,E,A,3,d,"(1, 4, 9)",V,A,C#,d,6.625,2.0
54,E,A,3,d,"(1, 4, 9)",V,A,C#,d,6.75,2.0
55,E,A,3,d,"(1, 4, 9)",V,A,C#,d,6.875,2.0
56,E,A,4,d,"(2, 5, 9)",i,D,C#,d,7.0,2.0
57,E,A,1,d,"(2, 5, 9)",i,D,C#,d,7.125,2.0
58,E,A,2,d,"(2, 5, 9)",i,D,C#,d,7.25,2.0
59,E,A,4,d,"(2, 5, 9)",i,D,C#,d,7.375,2.0
60,E,A,3,d,"(2, 5, 9)",i,D,C#,d,7.5,2.0
61,E,A,3,d,"(2, 5, 9)",i,D,C#,d,7.625,2.0
62,E,A,4,d,"(2, 5, 9)",i,D,C#,d,7.75,2.0
63,E,A,4,d,"(2, 5, 9)",i,D,C#,d,7.875,2.0
64,F,A,0,d,"(2, 5, 9)",i,D,D,d,8.0,3.0
65,F,A,1,d,"(2, 5, 9)",i,D,D,d,8.125,3.0
66,F,A,2,d,"(2, 5, 9)",i,D,D,d,8.25,3.0
67,F,A,2,d,"(2, 5, 9)",i,D,D,d,8.375,3.0
68,F,A,3,d,"(2, 5, 9)",i,D,D,d,8.5,3.0
69,F,A,3,d,"(2, 5, 9)",i,D,D,d,8.625,3.0
70,F,A,3,d,"(2, 5, 9)",i,D,D,d,8.75,3.0
71,F,A,3,d,"(2, 5, 9)",i,D,D,d,8.875,3.0
72,E,A,4,d,"(2, 5, 9)",i,D,D,d,9.0,3.0
73,E,A,4,d,"(2, 5, 9)",i,D,D,d,9.125,3.0
74,E,A,4,d,"(2, 5, 9)",i,D,D,d,9.25,3.0
75,E,A,4,d,"(2, 5, 9)",i,D,D,d,9.375,3.0
76,E,A,4,d,"(2, 5, 9)",i,D,D,d,9.5,3.0
77,E,A,4,d,"(2, 5, 9)",i,D,D,d,9.625,3.0
78,E,A,4,d,"(2, 5, 9)",i,D,D,d,9.75,3.0
79,E,A,4,d,"(2, 5, 9)",i,D,D,d,9.875,3.0
80,E,A,0,d,"(1, 4, 9)",V,A,C#,d,10.0,3.0
81,E,A,1,d,"(1, 4, 9)",V,A,C#,d,10.125,3.0
82,E,A,2,d,"(1, 4, 9)",V,A,C#,d,10.25,3.0
83,E,A,2,d,"(1, 4, 9)",V,A,C#,d,10.375,3.0
84,E,A,3,d,"(1, 4, 9)",V,A,C#,d,10.5,3.0
85,E,A,3,d,"(1, 4, 9)",V,A,C#,d,10.625,3.0
86,E,A,3,d,"(1, 4, 9)",V,A,C#,d,10.75,3.0
87,E,A,3,d,"(1, 4, 9)",V,A,C#,d,10.875,3.0
88,C#,G,0,d,"(1, 4, 7, 9)",V7,E,A,d,11.0,3.0
89,C#,G,1,d,"(1, 4, 7, 9)",V7,E,A,d,11.125,3.0
90,C#,G,2,d,"(1, 4, 7, 9)",V7,E,A,d,11.25,3.0
91,C#,G,2,d,"(1, 4, 7, 9)",V7,E,A,d,11.375,3.0
92,C#,G,3,d,"(1, 4, 7, 9)",V7,E,A,d,11.5,3.0
93,C#,G,3,d,"(1, 4, 7, 9)",V7,E,A,d,11.625,3.0
94,C#,G,3,d,"(1, 4, 7, 9)",V7,E,A,d,11.75,3.0
95,C#,G,3,d,"(1, 4, 7, 9)",V7,E,A,d,11.875,3.0
96,D,F,0,d,"(2, 5, 10)",VI,D,B-,d,12.0,4.0
97,D,F,1,d,"(2, 5, 10)",VI,D,B-,d,12.125,4.0
98,D,F,2,d,"(2, 5, 10)",VI,B-,B-,d,12.25,4.0
99,D,F,2,d,"(2, 5, 10)",VI,B-,B-,d,12.375,4.0
100,D,F,3,d,"(2, 5, 10)",VI,B-,B-,d,12.5,4.0
101,D,F,3,d,"(2, 5, 10)",VI,B-,B-,d,12.625,4.0
102,D,F,3,d,"(2, 5, 10)",VI,B-,B-,d,12.75,4.0
103,D,F,3,d,"(2, 5, 10)",VI,B-,B-,d,12.875,4.0
104,B-,E,0,d,"(4, 7, 10)",iv,E,G,d,13.0,4.0
105,B-,E,1,d,"(4, 7, 10)",iv,E,G,d,13.125,4.0
106,B-,E,2,d,"(4, 7, 10)",iv,E,G,d,13.25,4.0
107,B-,E,2,d,"(4, 7, 10)",iv,E,G,d,13.375,4.0
108,B-,E,3,d,"(4, 7, 10)",iv,E,G,d,13.5,4.0
109,B-,E,3,d,"(4, 7, 10)",iv,E,G,d,13.625,4.0
110,B-,E,3,d,"(4, 7, 10)",iv,E,G,d,13.75,4.0
111,B-,E,3,d,"(4, 7, 10)",iv,E,G,d,13.875,4.0
112,B-,D,0,d,"(2, 5, 10)",VI,B-,F,d,14.0,4.0
113,B-,D,1,d,"(2, 5, 10)",VI,B-,F,d,14.125,4.0
114,B-,D,2,d,"(2, 5, 10)",VI,B-,F,d,14.25,4.0
115,B-,D,2,d,"(2, 5, 10)",VI,B-,F,d,14.375,4.0
116,B-,D,3,d,"(2, 5, 10)",VI,B-,F,d,14.5,4.0
117,B-,D,3,d,"(2, 5, 10)",VI,B-,F,d,14.625,4.0
118,B-,D,3,d,"(2, 5, 10)",VI,B-,F,d,14.75,4.0
119,B-,D,3,d,"(2, 5, 10)",VI,B-,F,d,14.875,4.0
120,B-,D,0,d,"(4, 7, 10)",iv,B-,G,d,15.0,4.0
121,B-,D,1,d,"(4, 7, 10)",iv,B-,G,d,15.125,4.0
122,B-,D,2,d,"(4, 7, 10)",iv,B-,G,d,15.25,4.0
123,B-,D,2,d,"(4, 7, 10)",iv,B-,G,d,15.375,4.0
124,B-,D,0,d,"(2, 5, 10)",VI,B-,F,d,15.5,4.0
125,B-,D,1,d,"(2, 5, 10)",VI,B-,F,d,15.625,4.0
126,B-,D,3,d,"(2, 5, 10)",VI,B-,F,d,15.75,4.0
127,B-,D,3,d,"(2, 5, 10)",VI,B-,F,d,15.875,4.0
128,A,C#,0,d,"(1, 4, 9)",V,A,E,d,16.0,5.0
129,A,C#,1,d,"(1, 4, 9)",V,A,E,d,16.125,5.0
130,A,C#,2,d,"(1, 4, 9)",V,A,E,d,16.25,5.0
131,A,C#,2,d,"(1, 4, 9)",V,A,E,d,16.375,5.0
132,A,C#,3,d,"(1, 4, 9)",V,A,E,d,16.5,5.0
133,A,C#,3,d,"(1, 4, 9)",V,A,E,d,16.625,5.0
134,A,C#,3,d,"(1, 4, 9)",V,A,E,d,16.75,5.0
135,A,C#,3,d,"(1, 4, 9)",V,A,E,d,16.875,5.0
136,E,A,4,d,"(1, 4, 7, 9)",V,A,C#,d,17.0,5.0
137,E,A,4,d,"(1, 4, 7, 9)",V,A,C#,d,17.125,5.0
138,E,A,4,d,"(1, 4, 7, 9)",V,A,C#,d,17.25,5.0
139,E,A,4,d,"(1, 4, 7, 9)",V,A,C#,d,17.375,5.0
140,E,A,4,d,"(1, 4, 7, 9)",V,A,C#,d,17.5,5.0
141,E,A,4,d,"(1, 4, 7, 9)",V,A,C#,d,17.625,5.0
142,E,A,4,d,"(1, 4, 7, 9)",V,A,C#,d,17.75,5.0
143,E,A,4,d,"(1, 4, 7, 9)",V,A,C#,d,17.875,5.0
144,A,D,0,d,"(2, 6, 9)",I,D,F#,D,18.0,5.0
145,A,D,1,d,"(2, 6, 9)",I,D,F#,D,18.125,5.0
146,A,D,2,d,"(2, 6, 9)",I,D,F#,D,18.25,5.0
147,A,D,2,d,"(2, 6, 9)",I,D,F#,D,18.375,5.0
148,A,D,3,d,"(2, 6, 9)",I,D,F#,D,18.5,5.0
149,A,D,3,d,"(2, 6, 9)",I,D,F#,D,18.625,5.0
150,A,D,3,d,"(2, 6, 9)",I,D,F#,D,18.75,5.0
151,A,D,3,d,"(2, 6, 9)",I,D,F#,D,18.875,5.0
152,G,G,0,d,"(2, 7, 10)",iv,G,D,d,19.0,5.0
153,D,G,1,d,"(2, 7, 10)",iv,G,B-,d,19.125,5.0
154,D,G,2,d,"(2, 7, 10)",iv,G,B-,d,19.25,5.0
155,D,G,2,d,"(2, 7, 10)",iv,G,B-,d,19.375,5.0
156,D,G,3,d,"(2, 7, 10)",iv,G,B-,d,19.5,5.0
157,D,G,3,d,"(2, 7, 10)",iv,G,B-,d,19.625,5.0
158,D,G,3,d,"(2, 7, 10)",iv,G,B-,d,19.75,5.0
159,D,G,3,d,"(2, 7, 10)",iv,G,B-,d,19.875,5.0
160,A,D,0,d,"(2, 6, 9)",I,D,F#,g,20.0,6.0
161,A,D,1,d,"(2, 6, 9)",I,D,F#,g,20.125,6.0
162,A,D,2,d,"(2, 6, 9)",I,D,F#,g,20.25,6.0
163,A,D,2,d,"(2, 6, 9)",I,D,F#,g,20.375,6.0
164,A,D,3,d,"(2, 6, 9)",I,D,F#,g,20.5,6.0
165,A,D,3,d,"(2, 6, 9)",I,D,F#,g,20.625,6.0
166,A,D,3,d,"(2, 6, 9)",I,D,F#,g,20.75,6.0
167,A,D,3,d,"(2, 6, 9)",I,D,F#,g,20.875,6.0
168,A,D,4,d,"(2, 7, 10)",i,G,F#,g,21.0,6.0
169,A,D,4,d,"(2, 7, 10)",i,G,F#,g,21.125,6.0
170,A,D,4,d,"(2, 7, 10)",i,G,F#,g,21.25,6.0
171,A,D,4,d,"(2, 7, 10)",i,G,F#,g,21.375,6.0
172,A,D,3,d,"(2, 7, 10)",i,G,F#,g,21.5,6.0
173,A,D,3,d,"(2, 7, 10)",i,G,F#,g,21.625,6.0
174,A,D,3,d,"(2, 7, 10)",i,G,F#,g,21.75,6.0
175,A,D,3,d,"(2, 7, 10)",i,G,F#,g,21.875,6.0
176,A,D,0,d,"(2, 6, 9)",V,D,F#,g,22.0,6.0
177,A,D,1,d,"(2, 6, 9)",V,D,F#,g,22.125,6.0
178,A,D,2,d,"(2, 6, 9)",V,D,F#,g,22.25,6.0
179,A,D,2,d,"(2, 6, 9)",V,D,F#,g,22.375,6.0
180,A,D,3,d,"(2, 6, 9)",V,D,F#,g,22.5,6.0
181,A,D,3,d,"(2, 6, 9)",V,D,F#,g,22.625,6.0
182,A,D,3,d,"(2, 6, 9)",V,D,F#,g,22.75,6.0
183,A,D,3,d,"(2, 6, 9)",V,D,F#,g,22.875,6.0
184,G,D,0,d,"(2, 7, 10)",i,G,F#,g,23.0,6.0
185,G,D,1,d,"(2, 7, 10)",i,G,G,g,23.125,6.0
186,G,D,2,d,"(2, 7, 10)",i,G,G,g,23.25,6.0
187,G,D,2,d,"(2, 7, 10)",i,G,G,g,23.375,6.0
188,G,D,3,d,"(2, 7, 10)",i,G,G,g,23.5,6.0
189,G,D,3,d,"(2, 7, 10)",i,G,G,g,23.625,6.0
190,G,D,3,d,"(2, 7, 10)",i,G,G,g,23.75,6.0
191,G,D,3,d,"(2, 7, 10)",i,G,G,g,23.875,6.0
192,G,B-,0,d,"(2, 7, 10)",iv,G,D,d,24.0,7.0
193,G,B-,1,d,"(2, 7, 10)",iv,G,D,d,24.125,7.0
194,G,B-,2,d,"(2, 7, 10)",iv,G,D,d,24.25,7.0
195,G,B-,2,d,"(2, 7, 10)",iv,G,D,g,24.375,7.0
196,G,B-,3,d,"(2, 7, 10)",iv,G,D,d,24.5,7.0
197,G,B-,3,d,"(2, 7, 10)",iv,G,D,d,24.625,7.0
198,G,B-,3,d,"(2, 7, 10)",iv,G,D,g,24.75,7.0
199,G,B-,3,d,"(2, 7, 10)",iv,G,D,g,24.875,7.0
200,G,D,4,d,"(2, 7, 10)",iv,G,D,g,25.0,7.0
201,G,D,4,d,"(2, 7, 10)",iv,G,D,g,25.125,7.0
202,G,D,4,d,"(2, 7, 10)",iv,G,D,g,25.25,7.0
203,G,D,4,d,"(2, 7, 10)",iv,G,D,g,25.375,7.0
204,G,D,4,d,"(2, 7, 10)",iv,G,D,g,25.5,7.0
205,G,D,4,d,"(2, 7, 10)",iv,G,D,g,25.625,7.0
206,G,D,4,d,"(2, 7, 10)",iv,G,D,g,25.75,7.0
207,G,D,4,d,"(2, 7, 10)",iv,G,D,g,25.875,7.0
208,A,D,0,d,"(2, 6, 9)",i,D,F#,g,26.0,7.0
209,A,D,1,d,"(2, 6, 9)",i,D,F#,g,26.125,7.0
210,A,D,2,d,"(2, 6, 9)",i,D,F#,g,26.25,7.0
211,A,D,2,d,"(2, 6, 9)",i,D,F#,g,26.375,7.0
212,A,D,3,d,"(2, 6, 9)",i,D,F#,g,26.5,7.0
213,A,D,3,d,"(2, 6, 9)",i,D,F#,g,26.625,7.0
214,A,D,3,d,"(2, 6, 9)",i,D,F#,g,26.75,7.0
215,A,D,3,d,"(2, 6, 9)",i,D,F#,g,26.875,7.0
216,F#,C,0,d,"(0, 2, 6, 9)",V7,A,D,g,27.0,7.0
217,F#,C,1,d,"(0, 2, 6, 9)",V7,A,D,g,27.125,7.0
218,F#,C,2,d,"(0, 2, 6, 9)",V7,A,D,g,27.25,7.0
219,F#,C,2,d,"(0, 2, 6, 9)",V7,A,D,g,27.375,7.0
220,F#,C,3,d,"(0, 2, 6, 9)",V7,A,D,g,27.5,7.0
221,F#,C,3,d,"(0, 2, 6, 9)",V7,A,D,g,27.625,7.0
222,F#,C,3,d,"(0, 2, 6, 9)",V7,A,D,g,27.75,7.0
223,F#,C,3,d,"(0, 2, 6, 9)",V7,A,D,g,27.875,7.0
224,G,B,0,d,"(2, 5, 7, 11)",V7,G,D,C,28.0,8.0
225,F,B,1,d,"(2, 5, 7, 11)",V7,G,D,C,28.125,8.0
226,F,B,2,d,"(2, 5, 7, 11)",V7,G,D,C,28.25,8.0
227,F,B,2,d,"(2, 5, 7, 11)",V7,G,D,C,28.375,8.0
228,F,B,3,d,"(2, 5, 7, 11)",V7,G,D,C,28.5,8.0
229,F,B,3,d,"(2, 5, 7, 11)",V7,G,D,C,28.625,8.0
230,F,B,3,d,"(2, 5, 7, 11)",V7,G,D,C,28.75,8.0
231,F,B,3,d,"(2, 5, 7, 11)",V7,G,D,C,28.875,8.0
232,G,C,0,d,"(2, 5, 7, 11)",V7,C,D,C,29.0,8.0
233,G,C,1,d,"(2, 5, 7, 11)",V7,C,D,C,29.125,8.0
234,G,C,2,d,"(2, 5, 7, 11)",V7,C,D,C,29.25,8.0
235,G,C,2,d,"(2, 5, 7, 11)",V7,C,D,C,29.375,8.0
236,G,C,3,d,"(2, 5, 7, 11)",V7,C,D,C,29.5,8.0
237,G,C,3,d,"(2, 5, 7, 11)",V7,C,D,C,29.625,8.0
238,G,C,3,d,"(2, 5, 7, 11)",V7,C,D,C,29.75,8.0
239,G,C,3,d,"(2, 5, 7, 11)",V7,C,D,C,29.875,8.0
240,G,D,0,d,"(2, 5, 7, 11)",V7,B,F,C,30.0,8.0
241,G,D,1,d,"(2, 5, 7, 11)",V7,B,F,C,30.125,8.0
242,G,D,2,d,"(2, 5, 7, 11)",V7,B,F,C,30.25,8.0
243,G,D,2,d,"(2, 5, 7, 11)",V7,B,F,C,30.375,8.0
244,G,D,3,d,"(2, 5, 7, 11)",V7,B,F,C,30.5,8.0
245,G,D,3,d,"(2, 5, 7, 11)",V7,B,F,C,30.625,8.0
246,G,D,3,d,"(2, 5, 7, 11)",V7,B,F,C,30.75,8.0
247,G,D,3,d,"(2, 5, 7, 11)",V7,B,F,C,30.875,8.0
248,G,D,4,d,"(2, 5, 7, 11)",V7,B,F,C,31.0,8.0
249,G,D,4,d,"(2, 5, 7, 11)",V7,B,F,C,31.125,8.0
250,G,D,4,d,"(2, 5, 7, 11)",V7,B,F,C,31.25,8.0
251,G,D,4,d,"(2, 5, 7, 11)",V7,B,F,C,31.375,8.0
252,G,D,4,d,"(2, 5, 7, 11)",V7,B,F,C,31.5,8.0
253,G,D,4,d,"(2, 5, 7, 11)",V7,B,F,C,31.625,8.0
254,G,D,4,d,"(2, 5, 7, 11)",V7,B,F,C,31.75,8.0
255,G,D,4,d,"(2, 5, 7, 11)",V7,B,F,C,31.875,8.0
256,A,C,0,d,"(0, 5, 9)",V7,C,E,F,32.0,9.0
257,A,C,1,d,"(0, 5, 9)",V7,F,E,F,32.125,9.0
258,A,C,2,d,"(0, 5, 9)",V7,F,E,F,32.25,9.0
259,A,C,2,d,"(0, 5, 9)",V7,F,E,F,32.375,9.0
260,A,C,3,F,"(0, 5, 9)",V7,F,E,F,32.5,9.0
261,A,C,3,F,"(0, 5, 9)",V7,F,E,F,32.625,9.0
262,A,C,3,F,"(0, 5, 9)",V7,F,E,F,32.75,9.0
263,A,C,3,F,"(0, 5, 9)",V7,F,E,F,32.875,9.0
264,A,C,4,F,"(0, 5, 9)",V7,F,E,F,33.0,9.0
265,A,C,4,F,"(0, 5, 9)",V7,F,E,F,33.125,9.0
266,A,C,4,F,"(0, 5, 9)",V7,F,E,F,33.25,9.0
267,A,C,4,F,"(0, 5, 9)",V7,F,E,F,33.375,9.0
268,A,C,4,F,"(0, 5, 9)",V7,F,E,F,33.5,9.0
269,A,C,4,F,"(0, 5, 9)",V7,F,E,F,33.625,9.0
270,G,C,4,F,"(0, 5, 9)",V7,F,E,F,33.75,9.0
271,G,C,4,F,"(0, 5, 9)",V7,F,E,F,33.875,9.0
272,G,C,0,F,"(0, 4, 7, 10)",V7,C,E,F,34.0,9.0
273,G,C,1,F,"(0, 4, 7, 10)",V7,B-,E,F,34.125,9.0
274,G,C,2,F,"(0, 4, 7, 10)",V7,B-,E,F,34.25,9.0
275,G,C,2,F,"(0, 4, 7, 10)",V7,B-,E,F,34.375,9.0
276,G,C,3,F,"(0, 4, 7, 10)",V7,B-,E,F,34.5,9.0
277,G,C,3,F,"(0, 4, 7, 10)",V7,B-,E,F,34.625,9.0
278,G,C,3,F,"(0, 4, 7, 10)",V7,B-,E,F,34.75,9.0
279,G,C,3,F,"(0, 4, 7, 10)",V7,B-,E,F,34.875,9.0
280,G,C,4,F,"(0, 4, 7, 10)",V7,B-,E,F,35.0,9.0
281,G,C,4,F,"(0, 4, 7, 10)",V7,B-,E,F,35.125,9.0
282,G,C,4,F,"(0, 4, 7, 10)",V7,B-,E,F,35.25,9.0
283,G,C,4,F,"(0, 4, 7, 10)",V7,B-,E,F,35.375,9.0
284,G,C,4,F,"(0, 4, 7, 10)",V7,B-,E,F,35.5,9.0
285,G,C,4,F,"(0, 4, 7, 10)",V7,B-,E,F,35.625,9.0
286,G,C,4,F,"(0, 4, 7, 10)",V7,B-,E,F,35.75,9.0
287,G,C,4,F,"(0, 4, 7, 10)",V7,B-,E,F,35.875,9.0
288,C,F,0,d,"(0, 5, 9)",I,F,A,F,36.0,10.0
289,C,F,1,d,"(0, 5, 9)",I,F,A,F,36.125,10.0
290,C,F,2,d,"(0, 5, 9)",I,F,A,F,36.25,10.0
291,C,F,2,d,"(0, 5, 9)",I,F,A,F,36.375,10.0
292,C,F,3,d,"(0, 5, 9)",I,F,A,F,36.5,10.0
293,C,F,3,d,"(0, 5, 9)",I,F,A,F,36.625,10.0
294,C,F,3,d,"(0, 5, 9)",I,F,A,F,36.75,10.0
295,C,F,3,d,"(0, 5, 9)",I,F,A,F,36.875,10.0
296,C,F,4,d,"(0, 5, 9)",I,F,A,F,37.0,10.0
297,C,F,4,d,"(0, 5, 9)",I,F,A,F,37.125,10.0
298,C,F,4,d,"(0, 5, 9)",I,F,A,F,37.25,10.0
299,C,F,4,d,"(0, 5, 9)",I,F,A,F,37.375,10.0
300,C,F,4,d,"(0, 5, 9)",I,F,A,F,37.5,10.0
301,C,F,4,d,"(0, 5, 9)",I,F,A,F,37.625,10.0
302,C,F,4,d,"(0, 5, 9)",I,F,A,F,37.75,10.0
303,C,F,4,d,"(0, 5, 9)",I,F,A,F,37.875,10.0
304,C,F,5,d,"(0, 5, 9)",I,F,A,F,38.0,10.0
305,C,F,5,d,"(0, 5, 9)",I,F,A,F,38.125,10.0
306,C,F,5,d,"(0, 5, 9)",I,F,A,F,38.25,10.0
307,C,F,5,d,"(0, 5, 9)",I,F,A,F,38.375,10.0
308,C,F,5,d,"(0, 5, 9)",I,F,A,F,38.5,10.0
309,C,F,5,d,"(0, 5, 9)",I,F,A,F,38.625,10.0
310,C,F,5,d,"(0, 5, 9)",I,F,A,F,38.75,10.0
311,C,F,5,d,"(0, 5, 9)",I,F,A,F,38.875,10.0
312,C,F,5,d,"(0, 5, 9)",I,F,A,F,39.0,10.0
313,C,F,5,d,"(0, 5, 9)",I,F,A,F,39.125,10.0
314,C,F,5,d,"(0, 5, 9)",I,F,A,F,39.25,10.0
315,C,F,5,d,"(0, 5, 9)",I,F,A,F,39.375,10.0
316,C,F,5,d,"(0, 5, 9)",I,F,A,F,39.5,10.0
317,C,F,5,d,"(0, 5, 9)",I,F,A,F,39.625,10.0
318,C,F,5,d,"(0, 5, 9)",I,F,A,F,39.75,10.0
319,C,F,5,d,"(0, 5, 9)",I,F,A,F,39.875,10.0
320,A,E,0,d,"(1, 4, 7, 9)",V7,E,G,F,40.0,11.0
321,A,E,1,d,"(1, 4, 7, 9)",V7,E,G,d,40.125,11.0
322,A,E,2,d,"(1, 4, 7, 9)",V7,C,G,d,40.25,11.0
323,A,E,2,d,"(1, 4, 7, 9)",V7,C,G,d,40.375,11.0
324,A,E,3,d,"(1, 4, 7, 9)",V7,D,G,d,40.5,11.0
325,A,E,3,d,"(1, 4, 7, 9)",V7,D,G,d,40.625,11.0
326,A,E,3,d,"(1, 4, 7, 9)",V7,D,G,d,40.75,11.0
327,A,E,3,d,"(1, 4, 7, 9)",V7,D,G,d,40.875,11.0
328,A,D,0,d,"(2, 5, 10)",i,B-,F,d,41.0,11.0
329,A,D,1,d,"(2, 5, 10)",VI,B-,F,d,41.125,11.0
330,A,D,2,d,"(2, 5, 10)",VI,B-,F,d,41.25,11.0
331,A,D,2,d,"(2, 5, 10)",VI,B-,F,d,41.375,11.0
332,A,D,3,d,"(2, 5, 10)",VI,B-,F,d,41.5,11.0
333,A,D,3,d,"(2, 5, 10)",VI,B-,F,d,41.625,11.0
334,A,D,3,d,"(2, 5, 10)",VI,B-,F,d,41.75,11.0
335,A,D,3,d,"(2, 5, 10)",VI,B-,F,d,41.875,11.0
336,A,C,0,d,"(0, 4, 9)",i,A,E,F,42.0,11.0
337,A,C,1,d,"(0, 4, 9)",i,A,E,F,42.125,11.0
338,A,C,2,d,"(0, 5, 9)",i,A,E,F,42.25,11.0
339,A,C,2,d,"(0, 5, 9)",i,A,E,F,42.375,11.0
340,A,C,3,d,"(0, 5, 9)",i,A,E,F,42.5,11.0
341,A,C,3,d,"(0, 5, 9)",i,A,E,F,42.625,11.0
342,A,C,3,d,"(0, 5, 9)",i,A,E,F,42.75,11.0
343,A,C,3,d,"(0, 5, 9)",i,A,E,F,42.875,11.0
344,F,B-,0,d,"(2, 5, 10)",I,B-,D,F,43.0,11.0
345,F,B-,1,d,"(2, 5, 10)",I,B-,D,F,43.125,11.0
346,F,B-,2,d,"(2, 5, 10)",I,B-,D,F,43.25,11.0
347,F,B-,2,d,"(2, 5, 10)",I,B-,D,F,43.375,11.0
348,F,B-,3,d,"(2, 5, 10)",I,B-,D,F,43.5,11.0
349,F,B-,3,d,"(2, 5, 10)",I,B-,D,F,43.625,11.0
350,F,B-,3,d,"(2, 5, 10)",I,B-,D,F,43.75,11.0
351,F,B-,3,d,"(2, 5, 10)",I,B-,D,F,43.875,11.0
352,E,A,0,d,"(0, 4, 9)",i,G,C,F,44.0,12.0
353,E,A,1,d,"(0, 4, 9)",i,G,C,F,44.125,12.0
354,E,A,2,d,"(0, 4, 9)",i,G,C,F,44.25,12.0
355,E,A,2,d,"(0, 4, 9)",i,G,C,F,44.375,12.0
356,E,A,3,d,"(0, 4, 9)",i,G,C,F,44.5,12.0
357,E,A,3,d,"(0, 4, 9)",i,G,C,F,44.625,12.0
358,E,A,3,d,"(0, 4, 9)",i,G,C,F,44.75,12.0
359,E,A,3,d,"(0, 4, 9)",i,G,C,F,44.875,12.0
360,E,A,4,d,"(0, 4, 9)",V7,B-,E,F,45.0,12.0
361,E,A,4,d,"(0, 4, 7, 10)",V7,B-,E,F,45.125,12.0
362,E,A,4,d,"(0, 4, 7, 10)",V7,B-,E,F,45.25,12.0
363,E,A,4,d,"(0, 4, 7, 10)",V7,B-,E,F,45.375,12.0
364,E,A,4,d,"(2, 5, 10)",V7,B-,E,F,45.5,12.0
365,E,A,4,d,"(2, 5, 10)",V7,B-,E,F,45.625,12.0
366,E,A,4,d,"(2, 5, 10)",V7,B-,E,F,45.75,12.0
367,E,A,4,d,"(2, 5, 10)",V7,B-,E,F,45.875,12.0
368,A,D,0,d,"(2, 5, 9)",i,D,F,d,46.0,12.0
369,A,D,1,d,"(2, 5, 9)",i,D,F,d,46.125,12.0
370,A,D,2,d,"(2, 5, 9)",i,D,F,d,46.25,12.0
371,A,D,2,d,"(2, 5, 9)",i,D,F,d,46.375,12.0
372,A,D,3,d,"(2, 5, 9)",i,D,F,d,46.5,12.0
373,A,D,3,d,"(2, 5, 9)",i,D,F,d,46.625,12.0
374,A,D,3,d,"(2, 5, 9)",i,D,F,d,46.75,12.0
375,A,D,3,d,"(2, 5, 9)",i,D,F,d,46.875,12.0
376,E,A,0,d,"(1, 4, 9)",V,A,C#,d,47.0,12.0
377,E,A,1,d,"(1, 4, 9)",V,A,C#,d,47.125,12.0
378,E,A,2,d,"(1, 4, 9)",V,A,C#,d,47.25,12.0
379,E,A,2,d,"(1, 4, 9)",V,A,C#,d,47.375,12.0
380,E,A,3,d,"(1, 4, 9)",V,A,C#,d,47.5,12.0
381,E,A,3,d,"(1, 4, 9)",V,A,C#,d,47.625,12.0
382,E,A,3,d,"(1, 4, 9)",V,A,C#,d,47.75,12.0
383,E,A,3,d,"(1, 4, 9)",V,A,C#,d,47.875,12.0
384,F,B-,0,d,"(2, 5, 10)",VI,B-,D,d,48.0,13.0
385,F,B-,1,d,"(2, 5, 10)",VI,B-,D,d,48.125,13.0
386,F,B-,2,d,"(2, 5, 10)",VI,B-,D,d,48.25,13.0
387,F,B-,2,d,"(2, 5, 10)",VI,B-,D,d,48.375,13.0
388,F,B-,3,d,"(2, 5, 10)",VI,B-,D,d,48.5,13.0
389,F,B-,3,d,"(2, 5, 10)",VI,B-,D,d,48.625,13.0
390,F,B-,3,d,"(2, 5, 10)",VI,B-,D,d,48.75,13.0
391,F,B-,3,d,"(2, 5, 10)",VI,B-,D,d,48.875,13.0
392,E-,A,0,d,"(0, 3, 5, 9)",V7,F,C,B-,49.0,13.0
393,E-,A,1,d,"(0, 3, 5, 9)",viio7,F,C,B-,49.125,13.0
394,E-,A,2,d,"(0, 3, 5, 9)",V7,F,C,B-,49.25,13.0
395,E-,A,2,d,"(0, 3, 5, 9)",V7,F,C,B-,49.375,13.0
396,E-,A,3,d,"(0, 3, 5, 9)",V7,F,C,B-,49.5,13.0
397,E-,A,3,d,"(0, 3, 5, 9)",V7,F,C,B-,49.625,13.0
398,E-,A,3,d,"(0, 3, 5, 9)",V7,F,C,B-,49.75,13.0
399,E-,A,3,d,"(0, 3, 5, 9)",V7,F,C,B-,49.875,13.0
400,F,B-,0,d,"(2, 5, 10)",VI,B-,D,B-,50.0,13.0
401,F,B-,1,d,"(2, 5, 10)",VI,B-,D,B-,50.125,13.0
402,F,B-,2,d,"(2, 5, 10)",VI,B-,D,B-,50.25,13.0
403,F,B-,2,d,"(2, 5, 10)",VI,B-,D,B-,50.375,13.0
404,F,B-,3,d,"(2, 5, 10)",VI,B-,D,B-,50.5,13.0
405,F,B-,3,d,"(2, 5, 10)",VI,B-,D,B-,50.625,13.0
406,F,B-,3,d,"(2, 5, 10)",VI,B-,D,B-,50.75,13.0
407,F,B-,3,d,"(2, 5, 10)",VI,B-,D,B-,50.875,13.0
408,E-,A,0,d,"(0, 3, 5, 9)",V7,F,C,B-,51.0,13.0
409,E-,A,1,d,"(0, 3, 5, 9)",V7,F,C,B-,51.125,13.0
410,E-,A,2,d,"(0, 3, 5, 9)",V7,F,C,B-,51.25,13.0
411,E-,A,2,d,"(0, 3, 5, 9)",V7,F,C,B-,51.375,13.0
412,E-,A,3,d,"(0, 3, 5, 9)",V7,F,C,B-,51.5,13.0
413,E-,A,3,d,"(0, 3, 5, 9)",V7,F,C,B-,51.625,13.0
414,E-,A,3,d,"(0, 3, 5, 9)",V7,F,C,B-,51.75,13.0
415,E-,A,3,d,"(0, 3, 5, 9)",V7,F,C,B-,51.875,13.0
416,F,B-,0,d,"(2, 5, 10)",VI,B-,D,B-,52.0,14.0
417,F,B-,1,d,"(2, 5, 10)",VI,B-,D,B-,52.125,14.0
418,F,B-,2,d,"(2, 5, 10)",VI,B-,D,B-,52.25,14.0
419,F,B-,2,d,"(2, 5, 10)",VI,B-,D,B-,52.375,14.0
420,F,B-,3,d,"(2, 5, 10)",VI,B-,D,B-,52.5,14.0
421,F,B-,3,d,"(2, 5, 10)",VI,B-,D,B-,52.625,14.0
422,F,B-,3,d,"(2, 5, 10)",VI,B-,D,B-,52.75,14.0
423,F,B-,3,d,"(2, 5, 10)",VI,B-,D,B-,52.875,14.0
424,E-,A,0,d,"(0, 3, 6, 9)",viio7,A,C,g,53.0,14.0
425,E-,A,1,d,"(0, 3, 6, 9)",viio7,A,C,g,53.125,14.0
426,E-,A,2,d,"(0, 3, 6, 9)",viio7,A,C,g,53.25,14.0
427,E-,A,2,d,"(0, 3, 6, 9)",viio7,A,C,g,53.375,14.0
428,E-,A,3,d,"(0, 3, 6, 9)",viio7,A,C,g,53.5,14.0
429,E-,A,3,d,"(0, 3, 6, 9)",viio7,A,C,g,53.625,14.0
430,E-,A,3,d,"(0, 3, 6, 9)",viio7,A,C,g,53.75,14.0
431,E-,A,3,d,"(0, 3, 6, 9)",viio7,A,C,g,53.875,14.0
432,F,B-,0,d,"(2, 5, 10)",VI,B-,D,d,54.0,14.0
433,F,B-,1,d,"(2, 5, 10)",VI,B-,D,d,54.125,14.0
434,F,B-,2,d,"(2, 5, 10)",VI,B-,D,d,54.25,14.0
435,F,B-,2,d,"(2, 5, 10)",VI,B-,D,d,54.375,14.0
436,F,B-,3,d,"(2, 5, 10)",VI,B-,D,d,54.5,14.0
437,F,B-,3,d,"(2, 5, 10)",VI,B-,D,d,54.625,14.0
438,F,B-,3,d,"(2, 5, 10)",VI,B-,D,d,54.75,14.0
439,F,B-,3,d,"(2, 5, 10)",VI,B-,D,d,54.875,14.0
440,F,B-,0,d,"(1, 4, 7, 10)",viio7,B-,D,d,55.0,14.0
441,F,B-,1,d,"(1, 4, 7, 10)",viio7,B-,D,d,55.125,14.0
442,F,B-,2,d,"(1, 4, 7, 10)",viio7,B-,D,d,55.25,14.0
443,F,B-,2,d,"(1, 4, 7, 10)",viio7,B-,D,d,55.375,14.0
444,F,B-,3,d,"(1, 4, 7, 10)",viio7,G,D,d,55.5,14.0
445,F,B-,3,d,"(1, 4, 7, 10)",viio7,B-,D,d,55.625,14.0
446,F,B-,3,d,"(1, 4, 7, 10)",viio7,G,D,d,55.75,14.0
447,F,B-,3,d,"(1, 4, 7, 10)",viio7,B-,D,d,55.875,14.0
448,F,B-,0,d,"(2, 5, 10)",I,B-,D,d,56.0,15.0
449,F,B-,1,d,"(2, 5, 10)",VI,B-,D,d,56.125,15.0
450,F,B-,2,d,"(2, 5, 10)",I,B-,D,d,56.25,15.0
451,F,B-,2,d,"(2, 5, 10)",I,B-,D,d,56.375,15.0
452,F,B-,3,d,"(2, 5, 10)",I,B-,D,d,56.5,15.0
453,F,B-,3,d,"(2, 5, 10)",VI,B-,D,d,56.625,15.0
454,F,B-,3,d,"(2, 5, 10)",VI,B-,D,d,56.75,15.0
455,F,B-,3,d,"(2, 5, 10)",VI,B-,D,d,56.875,15.0
456,F#,B-,0,d,"(2, 6, 9)",I,D,D,g,57.0,15.0
457,F#,A,1,d,"(2, 6, 9)",I,D,D,g,57.125,15.0
458,F#,A,2,d,"(2, 6, 9)",I,D,D,g,57.25,15.0
459,F#,A,2,d,"(2, 6, 9)",I,D,D,g,57.375,15.0
460,D,A,3,d,"(2, 6, 9)",I,D,D,g,57.5,15.0
461,D,A,3,d,"(2, 6, 9)",I,D,D,g,57.625,15.0
462,D,A,3,d,"(2, 6, 9)",I,D,D,g,57.75,15.0
463,D,A,3,d,"(2, 6, 9)",I,D,D,g,57.875,15.0
464,D,G,0,d,"(2, 7, 10)",i,G,B-,g,58.0,15.0
465,D,G,1,d,"(2, 7, 10)",iv,G,B-,g,58.125,15.0
466,D,G,2,d,"(2, 7, 10)",iv,G,B-,g,58.25,15.0
467,D,G,2,d,"(2, 7, 10)",iv,G,B-,g,58.375,15.0
468,D,G,3,d,"(2, 7, 10)",iv,G,B-,g,58.5,15.0
469,D,G,3,d,"(2, 7, 10)",iv,G,B-,g,58.625,15.0
470,D,G,3,d,"(2, 7, 10)",iv,G,B-,g,58.75,15.0
471,D,G,3,d,"(2, 7, 10)",iv,G,B-,g,58.875,15.0
472,D,F#,0,d,"(2, 6, 9)",i,D,A,g,59.0,15.0
473,D,F#,1,d,"(2, 6, 9)",i,D,A,g,59.125,15.0
474,D,F#,2,d,"(2, 6, 9)",i,D,A,g,59.25,15.0
475,D,F#,2,d,"(2, 6, 9)",i,D,A,g,59.375,15.0
476,D,F#,3,d,"(2, 6, 9)",i,D,A,g,59.5,15.0
477,D,F#,3,d,"(2, 6, 9)",i,D,A,g,59.625,15.0
478,D,F#,3,d,"(2, 6, 9)",i,D,A,g,59.75,15.0
479,D,F#,3,d,"(2, 6, 9)",i,D,A,g,59.875,15.0
480,D,G,0,d,"(2, 7, 10)",iv,G,B-,d,60.0,16.0
481,D,G,1,d,"(2, 7, 10)",iv,G,B-,d,60.125,16.0
482,D,G,2,d,"(2, 7, 10)",iv,G,B-,d,60.25,16.0
483,D,G,2,d,"(2, 7, 10)",iv,G,B-,d,60.375,16.0
484,D,G,3,d,"(2, 7, 10)",iv,G,B-,d,60.5,16.0
485,D,G,3,d,"(2, 7, 10)",iv,G,B-,d,60.625,16.0
486,D,G,3,d,"(2, 7, 10)",iv,G,B-,d,60.75,16.0
487,D,G,3,d,"(2, 7, 10)",iv,G,B-,d,60.875,16.0
488,B,F,0,d,"(2, 5, 7, 11)",V7,D,G,F,61.0,16.0
489,B,F,1,d,"(2, 5, 7, 11)",V7,D,G,F,61.125,16.0
490,B,F,2,d,"(2, 5, 7, 11)",V7,D,G,F,61.25,16.0
491,B,F,2,d,"(2, 5, 7, 11)",V7,D,G,F,61.375,16.0
492,B,F,3,d,"(2, 5, 7, 11)",V7,D,G,F,61.5,16.0
493,B,F,3,d,"(2, 5, 7, 11)",V7,D,G,F,61.625,16.0
494,B,F,3,d,"(2, 5, 7, 11)",V7,D,G,F,61.75,16.0
495,B,F,3,d,"(2, 5, 7, 11)",V7,D,G,F,61.875,16.0
496,C,E,0,d,"(0, 4, 7)",V,C,G,F,62.0,16.0
497,C,E,1,d,"(0, 4, 7)",V,C,G,F,62.125,16.0
498,C,E,2,d,"(0, 4, 7)",V,C,G,F,62.25,16.0
499,C,E,2,d,"(0, 4, 7)",V,C,G,F,62.375,16.0
500,C,E,3,d,"(0, 4, 7)",V,C,G,F,62.5,16.0
501,C,E,3,d,"(0, 4, 7)",V,C,G,F,62.625,16.0
502,C,E,3,d,"(0, 4, 7)",V,C,G,F,62.75,16.0
503,C,E,3,d,"(0, 4, 7)",V,C,G,F,62.875,16.0
504,E,A,0,d,"(1, 4, 7, 9)",V7,G,C#,d,63.0,16.0
505,E,A,1,d,"(1, 4, 7, 9)",V7,G,C#,d,63.125,16.0
506,E,A,2,d,"(1, 4, 7, 9)",V7,G,C#,d,63.25,16.0
507,E,A,2,d,"(1, 4, 7, 9)",V7,G,C#,d,63.375,16.0
508,E,A,3,d,"(1, 4, 7, 9)",V7,G,C#,d,63.5,16.0
509,E,A,3,d,"(1, 4, 7, 9)",V7,G,C#,d,63.625,16.0
510,E,A,3,d,"(1, 4, 7, 9)",V7,G,C#,d,63.75,16.0
511,E,A,3,d,"(1, 4, 7, 9)",V7,G,C#,d,63.875,16.0
512,A,D,0,d,"(2, 5, 9)",i,D,F,d,64.0,17.0
513,A,D,1,d,"(2, 5, 9)",i,D,F,d,64.125,17.0
514,A,D,2,d,"(2, 5, 9)",i,D,F,d,64.25,17.0
515,A,D,2,d,"(2, 5, 9)",i,D,F,d,64.375,17.0
516,A,D,3,d,"(2, 5, 9)",i,D,F,d,64.5,17.0
517,A,D,3,d,"(2, 5, 9)",i,D,F,d,64.625,17.0
518,A,D,3,d,"(2, 5, 9)",i,D,F,d,64.75,17.0
519,A,D,3,d,"(2, 5, 9)",i,D,F,d,64.875,17.0
520,A,D,4,d,"(2, 5, 9)",i,D,F,d,65.0,17.0
521,A,D,4,d,"(2, 5, 9)",i,D,F,d,65.125,17.0
522,A,D,4,d,"(2, 5, 9)",i,D,F,d,65.25,17.0
523,A,D,4,d,"(2, 5, 9)",i,D,F,d,65.375,17.0
524,A,D,4,d,"(2, 5, 9)",i,D,F,d,65.5,17.0
525,A,D,4,d,"(2, 5, 9)",i,D,F,d,65.625,17.0
526,A,D,4,d,"(2, 5, 9)",i,D,F,d,65.75,17.0
527,A,D,4,d,"(2, 5, 9)",i,D,F,d,65.875,17.0
528,A,D,5,d,"(2, 5, 9)",i,D,F,d,66.0,17.0
529,A,D,5,d,"(2, 5, 9)",i,D,F,d,66.125,17.0
530,A,D,5,d,"(2, 5, 9)",i,D,F,d,66.25,17.0
531,A,D,5,d,"(2, 5, 9)",i,D,F,d,66.375,17.0
532,A,D,5,d,"(2, 5, 9)",i,D,F,d,66.5,17.0
533,A,D,5,d,"(2, 5, 9)",i,D,F,d,66.625,17.0
534,A,D,5,d,"(2, 5, 9)",i,D,F,d,66.75,17.0
535,A,D,5,d,"(2, 5, 9)",i,D,F,d,66.875,17.0
536,B-,E,0,d,"(2, 4, 7, 10)",viio7,D,G,d,67.0,17.0
537,B-,E,1,d,"(2, 4, 7, 10)",iiø7,D,G,d,67.125,17.0
538,B-,E,2,d,"(2, 4, 7, 10)",iiø7,D,G,d,67.25,17.0
539,B-,E,2,d,"(2, 4, 7, 10)",iiø7,D,G,d,67.375,17.0
540,B-,E,3,d,"(2, 4, 7, 10)",iiø7,D,G,d,67.5,17.0
541,B-,E,3,d,"(2, 4, 7, 10)",iiø7,D,G,d,67.625,17.0
542,B-,E,3,d,"(2, 4, 7, 10)",iiø7,D,G,d,67.75,17.0
543,B-,E,3,d,"(2, 4, 7, 10)",iiø7,D,G,d,67.875,17.0
544,A,E,0,d,"(2, 5, 9)",V7,D,G,d,68.0,18.0
545,E,E,1,d,"(2, 5, 9)",V7,D,G,d,68.125,18.0
546,E,E,2,d,"(2, 5, 9)",V7,D,G,d,68.25,18.0
547,E,E,2,d,"(2, 5, 9)",V7,D,G,d,68.375,18.0
548,E,E,3,d,"(2, 5, 9)",V7,D,G,d,68.5,18.0
549,E,E,3,d,"(2, 5, 9)",V7,D,G,d,68.625,18.0
550,E,E,3,d,"(2, 5, 9)",V7,D,G,d,68.75,18.0
551,E,E,3,d,"(2, 5, 9)",V7,D,G,d,68.875,18.0
552,E,B-,4,d,"(2, 5, 9)",i,G,D,d,69.0,18.0
553,E,B-,4,d,"(2, 5, 9)",iv,G,D,d,69.125,18.0
554,E,B-,4,d,"(2, 7, 10)",iv,G,D,d,69.25,18.0
555,E,B-,4,d,"(2, 5, 9)",iv,G,D,d,69.375,18.0
556,E,B-,4,d,"(2, 7, 10)",iv,G,D,d,69.5,18.0
557,E,B-,4,d,"(2, 7, 10)",iv,G,D,d,69.625,18.0
558,E,B-,4,d,"(2, 7, 10)",iv,G,D,d,69.75,18.0
559,E,B-,4,d,"(2, 7, 10)",iv,G,D,d,69.875,18.0
560,E,A,0,d,"(2, 5, 9)",i,D,C#,d,70.0,18.0
561,E,A,1,d,"(2, 5, 9)",i,D,C#,d,70.125,18.0
562,E,A,2,d,"(2, 5, 9)",i,D,C#,d,70.25,18.0
563,E,A,2,d,"(2, 5, 9)",i,D,C#,d,70.375,18.0
564,E,A,3,d,"(2, 5, 9)",i,D,C#,d,70.5,18.0
565,E,A,3,d,"(2, 5, 9)",i,D,C#,d,70.625,18.0
566,E,A,3,d,"(2, 5, 9)",i,D,C#,d,70.75,18.0
567,E,A,3,d,"(2, 5, 9)",i,D,C#,d,70.875,18.0
568,E,A,0,d,"(1, 4, 7, 9)",V7,G,C#,d,71.0,18.0
569,E,A,1,d,"(1, 4, 7, 9)",V7,G,C#,d,71.125,18.0
570,E,A,2,d,"(1, 4, 7, 9)",V7,G,C#,d,71.25,18.0
571,E,A,2,d,"(1, 4, 7, 9)",V7,G,C#,d,71.375,18.0
572,E,A,3,d,"(1, 4, 7, 9)",V7,G,C#,d,71.5,18.0
573,E,A,3,d,"(1, 4, 7, 9)",V7,G,C#,d,71.625,18.0
574,E,A,3,d,"(1, 4, 7, 9)",V7,G,C#,d,71.75,18.0
575,E,A,3,d,"(1, 4, 7, 9)",V7,G,C#,d,71.875,18.0
576,A,D,0,d,"(2, 5, 9)",i,D,F,d,72.0,19.0
577,A,D,1,d,"(2, 5, 9)",i,D,F,d,72.125,19.0
578,A,D,2,d,"(2, 5, 9)",i,D,F,d,72.25,19.0
579,A,D,2,d,"(2, 5, 9)",i,D,F,d,72.375,19.0
580,A,D,3,d,"(2, 5, 9)",i,D,F,d,72.5,19.0
581,A,D,3,d,"(2, 5, 9)",i,D,F,d,72.625,19.0
582,A,D,3,d,"(2, 5, 9)",i,D,F,d,72.75,19.0
583,A,D,3,d,"(2, 5, 9)",i,D,F,d,72.875,19.0
584,A,D,4,d,"(2, 5, 9)",i,D,F,d,73.0,19.0
585,A,D,4,d,"(2, 5, 9)",i,D,F,d,73.125,19.0
586,A,D,4,d,"(2, 5, 9)",i,D,F,d,73.25,19.0
587,A,D,4,d,"(2, 5, 9)",i,D,F,d,73.375,19.0
588,A,D,4,d,"(2, 5, 9)",i,D,F,d,73.5,19.0
589,A,D,4,d,"(2, 5, 9)",i,D,F,d,73.625,19.0
590,A,D,4,d,"(2, 5, 9)",i,D,F,d,73.75,19.0
591,A,D,4,d,"(2, 5, 9)",i,D,F,d,73.875,19.0
592,A,A,0,d,"(2, 5, 9)",i,D,F,d,74.0,19.0
593,A,A,1,d,"(2, 5, 9)",i,D,F,d,74.125,19.0
594,A,A,2,d,"(2, 5, 9)",i,D,F,d,74.25,19.0
595,A,A,2,d,"(2, 5, 9)",i,D,F,d,74.375,19.0
596,A,A,3,d,"(2, 5, 9)",i,D,F,d,74.5,19.0
597,A,A,3,d,"(2, 5, 9)",i,D,F,d,74.625,19.0
598,A,A,3,d,"(2, 5, 9)",i,D,F,d,74.75,19.0
599,A,A,3,d,"(2, 5, 9)",i,D,F,d,74.875,19.0
600,E,A,0,d,"(2, 5, 9)",i,D,C#,d,75.0,19.0
601,E,A,1,d,"(2, 5, 9)",i,D,C#,d,75.125,19.0
602,E,A,2,d,"(2, 5, 9)",i,D,C#,d,75.25,19.0
603,E,A,2,d,"(2, 5, 9)",i,D,C#,d,75.375,19.0
604,E,A,3,d,"(2, 5, 9)",i,D,C#,d,75.5,19.0
605,E,A,3,d,"(2, 5, 9)",i,D,C#,d,75.625,19.0
606,E,A,3,d,"(2, 5, 9)",i,D,C#,d,75.75,19.0
607,E,A,3,d,"(2, 5, 9)",i,D,C#,d,75.875,19.0
608,E,A,0,d,"(1, 4, 9)",i,A,C#,d,76.0,20.0
609,E,A,1,d,"(1, 4, 9)",i,A,C#,d,76.125,20.0
610,E,A,2,d,"(1, 4, 9)",i,A,C#,d,76.25,20.0
611,E,A,2,d,"(1, 4, 9)",i,A,C#,d,76.375,20.0
612,E,A,3,d,"(1, 4, 9)",i,A,C#,d,76.5,20.0
613,E,A,3,d,"(1, 4, 9)",i,A,C#,d,76.625,20.0
614,E,A,3,d,"(1, 4, 9)",i,A,C#,d,76.75,20.0
615,E,A,3,d,"(1, 4, 9)",i,A,C#,d,76.875,20.0
616,E,A,4,d,"(1, 4, 9)",i,A,C#,d,77.0,20.0
617,E,A,4,d,"(1, 4, 9)",i,A,C#,d,77.125,20.0
618,E,A,4,d,"(1, 4, 9)",i,A,C#,d,77.25,20.0
619,E,A,4,d,"(1, 4, 9)",i,A,C#,d,77.375,20.0
620,E,A,4,d,"(1, 4, 9)",i,A,C#,d,77.5,20.0
621,E,A,4,d,"(1, 4, 9)",i,A,C#,d,77.625,20.0
622,E,A,4,d,"(1, 4, 9)",i,A,C#,d,77.75,20.0
623,E,A,4,d,"(1, 4, 9)",i,A,C#,d,77.875,20.0
624,E,A,5,d,"(1, 4, 9)",i,A,C#,d,78.0,20.0
625,E,A,5,d,"(1, 4, 9)",i,A,C#,d,78.125,20.0
626,E,A,5,d,"(1, 4, 9)",i,A,C#,d,78.25,20.0
627,E,A,5,d,"(1, 4, 9)",i,A,C#,d,78.375,20.0
628,E,A,5,d,"(1, 4, 9)",i,A,C#,d,78.5,20.0
629,E,A,5,d,"(1, 4, 9)",i,A,C#,d,78.625,20.0
630,E,A,5,d,"(1, 4, 9)",i,A,C#,d,78.75,20.0
631,E,A,5,d,"(1, 4, 9)",i,A,C#,d,78.875,20.0
632,E,A,5,d,"(2, 5, 9)",i,A,C#,d,79.0,20.0
633,E,A,5,d,"(2, 5, 9)",i,A,C#,d,79.125,20.0
634,E,A,5,d,"(2, 5, 9)",i,A,C#,d,79.25,20.0
635,E,A,5,d,"(2, 5, 9)",i,A,C#,d,79.375,20.0
636,E,A,5,d,"(2, 5, 9)",i,A,C#,d,79.5,20.0
637,E,A,5,d,"(2, 5, 9)",i,A,C#,d,79.625,20.0
638,F,A,5,d,"(2, 5, 9)",i,A,C#,d,79.75,20.0
639,E,A,3,d,"(2, 5, 9)",i,D,C#,d,79.875,20.0
640,E,A,0,d,"(1, 4, 9)",V,A,C#,d,80.0,21.0
641,E,A,1,d,"(1, 4, 9)",V,A,C#,d,80.125,21.0
642,E,A,2,d,"(1, 4, 9)",V,A,C#,d,80.25,21.0
643,E,A,2,d,"(1, 4, 9)",V,A,C#,d,80.375,21.0
644,E,A,3,d,"(1, 4, 9)",V,A,C#,d,80.5,21.0
645,E,A,3,d,"(1, 4, 9)",V,A,C#,d,80.625,21.0
646,E,A,3,d,"(1, 4, 9)",V,A,C#,d,80.75,21.0
647,E,A,3,d,"(1, 4, 9)",V,A,C#,d,80.875,21.0
648,E,A,4,d,"(1, 4, 9)",V,A,C#,d,81.0,21.0
649,E,A,4,d,"(1, 4, 9)",V,A,C#,d,81.125,21.0
650,E,A,4,d,"(1, 4, 9)",V,A,C#,d,81.25,21.0
651,E,A,4,d,"(1, 4, 9)",V,A,C#,d,81.375,21.0
652,E,A,4,d,"(1, 4, 9)",V,A,C#,d,81.5,21.0
653,E,A,4,d,"(1, 4, 9)",V,A,C#,d,81.625,21.0
654,E,A,4,d,"(1, 4, 9)",V,A,C#,d,81.75,21.0
655,E,A,4,d,"(1, 4, 9)",V,A,C#,d,81.875,21.0
656,E,A,5,d,"(1, 4, 9)",V,A,C#,d,82.0,21.0
657,E,A,5,d,"(1, 4, 9)",V,A,C#,d,82.125,21.0
658,E,A,5,d,"(1, 4, 9)",V,A,C#,d,82.25,21.0
659,E,A,5,d,"(1, 4, 9)",V,A,C#,d,82.375,21.0
660,E,A,5,d,"(1, 4, 9)",V,A,C#,d,82.5,21.0
661,E,A,5,d,"(1, 4, 9)",V,A,C#,d,82.625,21.0
662,E,A,5,d,"(1, 4, 9)",V,A,C#,d,82.75,21.0
663,E,A,5,d,"(1, 4, 9)",V,A,C#,d,82.875,21.0
664,E,A,5,d,"(1, 4, 9)",V,A,C#,d,83.0,21.0
665,E,A,5,d,"(1, 4, 9)",V,A,C#,d,83.125,21.0
666,E,A,5,d,"(1, 4, 9)",V,A,C#,d,83.25,21.0
667,E,A,5,d,"(1, 4, 9)",V,A,C#,d,83.375,21.0
668,E,A,5,d,"(1, 4, 9)",V,A,C#,d,83.5,21.0
669,E,A,5,d,"(1, 4, 9)",V,A,C#,d,83.625,21.0
670,E,A,5,d,"(1, 4, 9)",i,A,C#,d,83.75,21.0
671,E,A,5,d,"(1, 4, 9)",i,A,C#,d,83.875,21.0
672,E,A,0,d,"(1, 4, 9)",V,A,C#,d,84.0,22.0
673,E,A,1,d,"(1, 4, 9)",V,A,C#,d,84.125,22.0
674,E,A,2,d,"(1, 4, 9)",V,A,C#,d,84.25,22.0
675,E,A,2,d,"(1, 4, 9)",V,A,C#,d,84.375,22.0
676,E,A,3,d,"(1, 4, 9)",V,A,C#,d,84.5,22.0
677,E,A,3,d,"(1, 4, 9)",V,A,C#,d,84.625,22.0
678,E,A,3,d,"(1, 4, 9)",V,A,C#,d,84.75,22.0
679,E,A,3,d,"(1, 4, 9)",V,A,C#,d,84.875,22.0
680,E,A,4,d,"(1, 4, 9)",i,A,C#,d,85.0,22.0
681,E,A,4,d,"(1, 4, 9)",i,D,C#,d,85.125,22.0
682,E,A,4,d,"(1, 4, 9)",i,D,C#,d,85.25,22.0
683,E,A,4,d,"(1, 4, 9)",i,D,C#,d,85.375,22.0
684,E,A,4,d,"(1, 4, 9)",i,D,C#,d,85.5,22.0
685,E,A,4,d,"(1, 4, 9)",i,D,C#,d,85.625,22.0
686,E,A,4,d,"(1, 4, 9)",i,D,C#,d,85.75,22.0
687,E,A,4,d,"(1, 4, 9)",i,D,C#,d,85.875,22.0
688,E,A,0,d,"(1, 4, 9)",V,A,C#,d,86.0,22.0
689,E,A,1,d,"(1, 4, 9)",V,A,C#,d,86.125,22.0
690,E,A,2,d,"(1, 4, 9)",V,A,C#,d,86.25,22.0
691,E,A,2,d,"(1, 4, 9)",V,A,C#,d,86.375,22.0
692,E,A,3,d,"(1, 4, 9)",V,A,C#,d,86.5,22.0
693,E,A,3,d,"(1, 4, 9)",V,A,C#,d,86.625,22.0
694,E,A,3,d,"(1, 4, 9)",V,A,C#,d,86.75,22.0
695,E,A,3,d,"(1, 4, 9)",V,A,C#,d,86.875,22.0
696,E,A,0,d,"(2, 5, 9)",i,D,C#,d,87.0,22.0
697,F,A,1,d,"(2, 5, 9)",i,D,C#,d,87.125,22.0
698,F,A,2,d,"(2, 5, 9)",i,D,C#,d,87.25,22.0
699,F,A,2,d,"(2, 5, 9)",i,D,C#,d,87.375,22.0
700,F,A,3,d,"(2, 5, 9)",i,D,C#,d,87.5,22.0
701,F,A,3,d,"(2, 5, 9)",i,D,C#,d,87.625,22.0
702,F,A,3,d,"(2, 5, 9)",i,D,C#,d,87.75,22.0
703,F,A,3,d,"(2, 5, 9)",i,D,C#,d,87.875,22.0
704,D,F,0,d,"(2, 5, 9)",i,D,A,d,88.0,23.0
705,D,F,1,d,"(2, 5, 9)",i,D,A,d,88.125,23.0
706,D,F,2,d,"(2, 5, 9)",i,D,A,d,88.25,23.0
707,D,F,2,d,"(2, 5, 9)",i,D,A,d,88.375,23.0
708,D,F,3,d,"(2, 5, 9)",i,D,A,d,88.5,23.0
709,D,F,3,d,"(2, 5, 9)",i,D,A,d,88.625,23.0
710,D,F,3,d,"(2, 5, 9)",i,D,A,d,88.75,23.0
711,D,F,3,d,"(2, 5, 9)",i,D,A,d,88.875,23.0
712,D,A,4,d,"(2, 5, 9)",i,D,A,d,89.0,23.0
713,D,A,4,d,"(2, 5, 9)",i,D,A,d,89.125,23.0
714,D,A,4,d,"(2, 5, 9)",i,D,A,d,89.25,23.0
715,D,A,4,d,"(2, 5, 9)",i,D,A,d,89.375,23.0
716,D,A,4,d,"(2, 5, 9)",i,D,A,d,89.5,23.0
717,D,A,4,d,"(2, 5, 9)",i,D,A,d,89.625,23.0
718,D,A,4,d,"(2, 5, 9)",i,D,A,d,89.75,23.0
719,D,A,4,d,"(2, 5, 9)",i,D,A,d,89.875,23.0
720,E,A,0,d,"(1, 4, 9)",V,A,C#,d,90.0,23.0
721,E,A,1,d,"(1, 4, 9)",V,A,C#,d,90.125,23.0
722,E,A,2,d,"(1, 4, 9)",V,A,C#,d,90.25,23.0
723,E,A,2,d,"(1, 4, 9)",V,A,C#,d,90.375,23.0
724,E,A,3,d,"(1, 4, 9)",V,A,C#,d,90.5,23.0
725,E,A,3,d,"(1, 4, 9)",V,A,C#,d,90.625,23.0
726,E,A,3,d,"(1, 4, 9)",V,A,C#,d,90.75,23.0
727,E,A,3,d,"(1, 4, 9)",V,A,C#,d,90.875,23.0
728,E,A,4,d,"(1, 4, 9)",V,A,C#,d,91.0,23.0
729,E,A,4,d,"(1, 4, 9)",V,A,C#,d,91.125,23.0
730,E,A,4,d,"(1, 4, 9)",V,A,C#,d,91.25,23.0
731,E,A,4,d,"(1, 4, 9)",V,A,C#,d,91.375,23.0
732,E,A,4,d,"(1, 4, 9)",V,A,C#,d,91.5,23.0
733,E,A,4,d,"(1, 4, 9)",V,A,C#,d,91.625,23.0
734,E,A,4,d,"(1, 4, 9)",V,A,C#,d,91.75,23.0
735,E,A,4,d,"(1, 4, 9)",V,A,C#,d,91.875,23.0
736,D,G,0,d,"(2, 7, 10)",iv,G,B-,d,92.0,24.0
737,D,G,1,d,"(2, 7, 10)",iv,G,B-,d,92.125,24.0
738,D,G,2,d,"(2, 7, 10)",iv,G,B-,d,92.25,24.0
739,D,G,2,d,"(2, 7, 10)",iv,G,B-,d,92.375,24.0
740,D,G,3,d,"(2, 7, 10)",iv,G,B-,d,92.5,24.0
741,D,G,3,d,"(2, 7, 10)",iv,G,B-,d,92.625,24.0
742,D,G,3,d,"(2, 7, 10)",iv,G,B-,d,92.75,24.0
743,D,G,3,d,"(2, 7, 10)",iv,G,B-,d,92.875,24.0
744,D,F,0,d,"(2, 5, 9)",i,D,B-,d,93.0,24.0
745,D,F,1,d,"(2, 5, 9)",i,D,B-,d,93.125,24.0
746,D,F,2,d,"(2, 5, 9)",i,D,B-,d,93.25,24.0
747,D,F,2,d,"(2, 5, 9)",i,D,B-,d,93.375,24.0
748,D,F,3,d,"(2, 5, 9)",i,D,B-,d,93.5,24.0
749,D,F,3,d,"(2, 5, 9)",i,D,B-,d,93.625,24.0
750,D,F,3,d,"(2, 5, 9)",i,D,B-,d,93.75,24.0
751,D,F,3,d,"(2, 5, 9)",i,D,B-,d,93.875,24.0
752,B-,E,0,d,"(4, 7, 10)",iio,E,G,d,94.0,24.0
753,B-,E,1,d,"(4, 7, 10)",iio,E,G,d,94.125,24.0
754,B-,E,2,d,"(4, 7, 10)",iio,E,G,d,94.25,24.0
755,B-,E,2,d,"(4, 7, 10)",iio,E,G,d,94.375,24.0
756,B-,E,3,d,"(4, 7, 10)",iio,E,G,d,94.5,24.0
757,B-,E,3,d,"(4, 7, 10)",iio,E,G,d,94.625,24.0
758,B-,E,3,d,"(4, 7, 10)",iio,E,G,d,94.75,24.0
759,B-,E,3,d,"(4, 7, 10)",iio,E,G,d,94.875,24.0
760,B-,D,0,d,"(2, 5, 10)",VI,B-,F,d,95.0,24.0
761,B-,D,1,d,"(2, 5, 10)",VI,B-,F,d,95.125,24.0
762,B-,D,2,d,"(2, 5, 10)",VI,B-,F,d,95.25,24.0
763,B-,D,2,d,"(2, 5, 10)",VI,B-,F,d,95.375,24.0
764,B-,D,3,d,"(2, 5, 10)",VI,B-,F,d,95.5,24.0
765,B-,D,3,d,"(2, 5, 10)",VI,B-,F,d,95.625,24.0
766,B-,D,3,d,"(2, 5, 10)",VI,B-,F,d,95.75,24.0
767,B-,D,3,d,"(2, 5, 10)",VI,B-,F,d,95.875,24.0
768,A,C#,0,d,"(1, 4, 9)",V,A,E,d,96.0,25.0
769,A,C#,1,d,"(1, 4, 9)",V,A,E,d,96.125,25.0
770,A,C#,2,d,"(1, 4, 9)",V,A,E,d,96.25,25.0
771,A,C#,2,d,"(1, 4, 9)",V,A,E,d,96.375,25.0
772,A,C#,3,d,"(1, 4, 9)",V,A,E,d,96.5,25.0
773,A,C#,3,d,"(1, 4, 9)",V,A,E,d,96.625,25.0
774,A,C#,3,d,"(1, 4, 9)",V,A,E,d,96.75,25.0
775,A,C#,3,d,"(1, 4, 9)",V,A,E,d,96.875,25.0
776,E,A,0,d,"(1, 4, 7, 9)",V7,A,C#,D,97.0,25.0
777,E,A,1,d,"(1, 4, 7, 9)",V7,A,C#,D,97.125,25.0
778,E,A,2,d,"(1, 4, 7, 9)",V7,G,C#,D,97.25,25.0
779,E,A,2,d,"(1, 4, 7, 9)",V7,G,C#,D,97.375,25.0
780,E,A,3,d,"(1, 4, 7, 9)",V7,G,C#,D,97.5,25.0
781,E,A,3,d,"(1, 4, 7, 9)",V7,G,C#,D,97.625,25.0
782,E,A,3,d,"(1, 4, 7, 9)",V7,G,C#,D,97.75,25.0
783,E,A,3,d,"(1, 4, 7, 9)",V7,G,C#,D,97.875,25.0
784,A,D,0,d,"(2, 6, 9)",I,D,F#,D,98.0,25.0
785,A,D,1,d,"(2, 6, 9)",I,D,F#,D,98.125,25.0
786,A,D,2,d,"(2, 6, 9)",I,D,F#,D,98.25,25.0
787,A,D,2,d,"(2, 6, 9)",I,D,F#,D,98.375,25.0
788,A,D,3,d,"(2, 6, 9)",I,D,F#,D,98.5,25.0
789,A,D,3,d,"(2, 6, 9)",I,D,F#,D,98.625,25.0
790,A,D,3,d,"(2, 6, 9)",I,D,F#,D,98.75,25.0
791,A,D,3,d,"(2, 6, 9)",I,D,F#,D,98.875,25.0
792,G,D,0,d,"(2, 7, 10)",iv,G,G,d,99.0,25.0
793,G,D,1,d,"(2, 7, 10)",iv,G,G,d,99.125,25.0
794,G,D,2,d,"(2, 7, 10)",iv,G,G,d,99.25,25.0
795,G,D,2,d,"(2, 7, 10)",iv,G,G,d,99.375,25.0
796,G,D,3,d,"(2, 7, 10)",iv,G,G,d,99.5,25.0
797,G,D,3,d,"(2, 7, 10)",iv,G,G,d,99.625,25.0
798,G,D,3,d,"(2, 7, 10)",iv,G,G,d,99.75,25.0
799,G,D,3,d,"(2, 7, 10)",iv,G,G,d,99.875,25.0
800,A,D,0,d,"(2, 6, 9)",V,D,F#,g,100.0,26.0
801,A,D,1,d,"(2, 6, 9)",V,D,F#,g,100.125,26.0
802,A,D,2,d,"(2, 6, 9)",V,D,F#,g,100.25,26.0
803,A,D,2,d,"(2, 6, 9)",V,D,F#,g,100.375,26.0
804,A,D,3,d,"(2, 6, 9)",V,D,F#,g,100.5,26.0
805,A,D,3,d,"(2, 6, 9)",V,D,F#,g,100.625,26.0
806,A,D,3,d,"(2, 6, 9)",V,D,F#,g,100.75,26.0
807,A,D,3,d,"(2, 6, 9)",V,D,F#,g,100.875,26.0
808,B-,D,4,g,"(2, 7, 10)",i,G,F#,g,101.0,26.0
809,B-,D,1,g,"(2, 7, 10)",i,G,G,g,101.125,26.0
810,B-,D,4,g,"(2, 7, 10)",i,G,F#,g,101.25,26.0
811,B-,D,4,g,"(2, 7, 10)",i,G,F#,g,101.375,26.0
812,B-,D,3,g,"(2, 7, 10)",i,G,G,g,101.5,26.0
813,B-,D,3,g,"(2, 7, 10)",i,G,G,g,101.625,26.0
814,B-,D,3,g,"(2, 7, 10)",i,G,G,g,101.75,26.0
815,B-,D,3,g,"(2, 7, 10)",i,G,G,g,101.875,26.0
816,A,D,0,g,"(2, 6, 9)",V,D,F#,g,102.0,26.0
817,A,D,1,g,"(2, 6, 9)",V,D,F#,g,102.125,26.0
818,A,D,2,g,"(2, 6, 9)",V,D,F#,g,102.25,26.0
819,A,D,2,g,"(2, 6, 9)",V,D,F#,g,102.375,26.0
820,A,D,3,d,"(2, 6, 9)",V,D,F#,g,102.5,26.0
821,A,D,3,d,"(2, 6, 9)",V,D,F#,g,102.625,26.0
822,A,D,3,d,"(2, 6, 9)",V,D,F#,g,102.75,26.0
823,A,D,3,d,"(2, 6, 9)",V,D,F#,g,102.875,26.0
824,B-,D,0,g,"(2, 7, 10)",i,G,G,g,103.0,26.0
825,B-,D,1,g,"(2, 7, 10)",i,G,G,g,103.125,26.0
826,B-,D,2,g,"(2, 7, 10)",i,G,G,g,103.25,26.0
827,B-,D,2,g,"(2, 7, 10)",i,G,G,g,103.375,26.0
828,B-,D,3,g,"(2, 7, 10)",i,G,G,g,103.5,26.0
829,B-,D,3,g,"(2, 7, 10)",i,G,G,g,103.625,26.0
830,B-,D,3,g,"(2, 7, 10)",i,G,G,g,103.75,26.0
831,B-,D,3,g,"(2, 7, 10)",i,G,G,g,103.875,26.0
832,B-,D,0,g,"(2, 7, 10)",i,G,G,g,104.0,27.0
833,B-,D,1,g,"(2, 7, 10)",i,G,G,g,104.125,27.0
834,B-,D,2,g,"(2, 7, 10)",i,G,G,g,104.25,27.0
835,B-,D,2,g,"(2, 7, 10)",i,G,G,g,104.375,27.0
836,B-,D,3,g,"(2, 7, 10)",i,G,G,g,104.5,27.0
837,B-,D,3,g,"(2, 7, 10)",i,G,G,g,104.625,27.0
838,B-,D,3,g,"(2, 7, 10)",i,G,G,g,104.75,27.0
839,B-,D,3,g,"(2, 7, 10)",i,G,G,g,104.875,27.0
840,B-,D,4,g,"(2, 7, 10)",i,G,G,g,105.0,27.0
841,B-,D,4,g,"(2, 7, 10)",i,G,G,g,105.125,27.0
842,B-,D,4,g,"(2, 7, 10)",i,G,G,g,105.25,27.0
843,B-,D,4,g,"(2, 7, 10)",i,G,G,g,105.375,27.0
844,B-,D,4,g,"(2, 7, 10)",i,G,G,g,105.5,27.0
845,B-,D,4,g,"(2, 7, 10)",i,G,G,g,105.625,27.0
846,B-,D,4,g,"(2, 7, 10)",i,G,G,g,105.75,27.0
847,B-,D,4,g,"(2, 7, 10)",i,G,G,g,105.875,27.0
848,A,D,0,g,"(2, 6, 9)",i,D,F#,g,106.0,27.0
849,A,D,1,g,"(2, 6, 9)",V,D,F#,g,106.125,27.0
850,A,D,2,g,"(2, 6, 9)",V,D,F#,g,106.25,27.0
851,A,D,2,g,"(2, 6, 9)",V,D,F#,g,106.375,27.0
852,A,D,3,g,"(2, 6, 9)",V,D,F#,g,106.5,27.0
853,A,D,3,g,"(2, 6, 9)",V,D,F#,g,106.625,27.0
854,A,D,3,g,"(2, 6, 9)",V,D,F#,g,106.75,27.0
855,A,D,3,g,"(2, 6, 9)",V,D,F#,g,106.875,27.0
856,F#,C,0,F,"(0, 2, 6, 9)",V7,A,D,g,107.0,27.0
857,F#,C,1,F,"(0, 2, 6, 9)",V7,A,D,g,107.125,27.0
858,F#,C,2,F,"(0, 2, 6, 9)",V7,A,D,g,107.25,27.0
859,F#,C,2,F,"(0, 2, 6, 9)",V7,A,D,g,107.375,27.0
860,F#,C,3,F,"(0, 2, 6, 9)",V7,A,D,g,107.5,27.0
861,F#,C,3,F,"(0, 2, 6, 9)",V7,A,D,g,107.625,27.0
862,F#,C,3,F,"(0, 2, 6, 9)",V7,A,D,g,107.75,27.0
863,F#,C,3,F,"(0, 2, 6, 9)",V7,A,D,g,107.875,27.0
864,F,B,0,F,"(2, 5, 7, 11)",V7,G,D,C,108.0,28.0
865,F,B,1,F,"(2, 5, 7, 11)",V7,G,D,C,108.125,28.0
866,F,B,2,F,"(2, 5, 7, 11)",V7,G,D,C,108.25,28.0
867,F,B,2,F,"(2, 5, 7, 11)",V7,G,D,C,108.375,28.0
868,F,B,3,F,"(2, 5, 7, 11)",V7,G,D,C,108.5,28.0
869,F,B,3,F,"(2, 5, 7, 11)",V7,G,D,C,108.625,28.0
870,F,B,3,F,"(2, 5, 7, 11)",V7,G,D,C,108.75,28.0
871,F,B,3,F,"(2, 5, 7, 11)",V7,G,D,C,108.875,28.0
872,G,C,0,F,"(2, 5, 7, 11)",V7,C,D,C,109.0,28.0
873,G,C,1,F,"(0, 4, 7)",V7,C,D,C,109.125,28.0
874,G,C,2,F,"(0, 4, 7)",V7,C,D,C,109.25,28.0
875,G,C,2,F,"(0, 4, 7)",V7,C,D,C,109.375,28.0
876,G,C,3,F,"(0, 4, 7)",V7,C,D,C,109.5,28.0
877,G,C,3,F,"(0, 4, 7)",V7,C,D,C,109.625,28.0
878,G,C,3,F,"(0, 4, 7)",V7,C,D,C,109.75,28.0
879,G,C,3,F,"(0, 4, 7)",V7,C,D,C,109.875,28.0
880,G,D,0,F,"(2, 5, 7, 11)",V7,B,F,C,110.0,28.0
881,G,D,1,F,"(2, 5, 7, 11)",V7,B,F,C,110.125,28.0
882,G,D,2,F,"(2, 5, 7, 11)",V7,B,F,C,110.25,28.0
883,G,D,2,F,"(2, 5, 7, 11)",V7,B,F,C,110.375,28.0
884,G,D,3,F,"(2, 5, 7, 11)",V7,B,F,C,110.5,28.0
885,G,D,3,F,"(2, 5, 7, 11)",V7,B,F,C,110.625,28.0
886,G,D,3,F,"(2, 5, 7, 11)",V7,B,F,C,110.75,28.0
887,G,D,3,F,"(2, 5, 7, 11)",V7,B,F,C,110.875,28.0
888,G,D,4,F,"(2, 5, 7, 11)",V7,B,F,C,111.0,28.0
889,G,D,4,F,"(2, 5, 7, 11)",V7,B,F,C,111.125,28.0
890,G,D,4,F,"(2, 5, 7, 11)",V7,B,F,C,111.25,28.0
891,G,D,4,F,"(2, 5, 7, 11)",V7,B,F,C,111.375,28.0
892,G,D,4,F,"(2, 5, 7, 11)",V7,B,F,C,111.5,28.0
893,G,D,4,F,"(2, 5, 7, 11)",V7,B,F,C,111.625,28.0
894,G,D,4,F,"(2, 5, 7, 11)",V7,B,F,C,111.75,28.0
895,G,D,4,F,"(2, 5, 7, 11)",V7,B,F,C,111.875,28.0
896,A,C,0,F,"(0, 5, 9)",I,F,F,F,112.0,29.0
897,A,C,1,F,"(0, 5, 9)",I,F,F,F,112.125,29.0
898,A,C,2,F,"(0, 5, 9)",I,F,F,F,112.25,29.0
899,A,C,2,F,"(0, 5, 9)",I,F,F,F,112.375,29.0
900,A,C,3,F,"(0, 5, 9)",I,F,F,F,112.5,29.0
901,A,C,3,F,"(0, 5, 9)",I,F,F,F,112.625,29.0
902,A,C,3,F,"(0, 5, 9)",I,F,F,F,112.75,29.0
903,A,C,3,F,"(0, 5, 9)",I,F,F,F,112.875,29.0
904,A,C,4,F,"(0, 5, 9)",I,F,F,F,113.0,29.0
905,A,C,4,F,"(0, 5, 9)",I,F,F,F,113.125,29.0
906,A,C,4,F,"(0, 5, 9)",I,F,F,F,113.25,29.0
907,A,C,4,F,"(0, 5, 9)",I,F,F,F,113.375,29.0
908,A,C,4,F,"(0, 5, 9)",I,F,F,F,113.5,29.0
909,A,C,4,F,"(0, 5, 9)",I,F,F,F,113.625,29.0
910,A,C,4,F,"(0, 5, 9)",I,F,F,F,113.75,29.0
911,A,C,4,F,"(0, 5, 9)",I,F,F,F,113.875,29.0
912,G,C,0,F,"(0, 4, 7, 10)",V7,B-,E,F,114.0,29.0
913,G,C,1,F,"(0, 4, 7, 10)",V7,B-,E,F,114.125,29.0
914,G,C,2,F,"(0, 4, 7, 10)",V7,B-,E,F,114.25,29.0
915,G,C,2,F,"(0, 4, 7, 10)",V7,B-,E,F,114.375,29.0
916,G,C,3,F,"(0, 4, 7, 10)",V7,B-,E,F,114.5,29.0
917,G,C,3,F,"(0, 4, 7, 10)",V7,B-,E,F,114.625,29.0
918,G,C,3,F,"(0, 4, 7, 10)",V7,B-,E,F,114.75,29.0
919,G,C,3,F,"(0, 4, 7, 10)",V7,B-,E,F,114.875,29.0
920,G,C,4,F,"(0, 4, 7, 10)",V7,B-,E,F,115.0,29.0
921,G,C,4,F,"(0, 4, 7, 10)",V7,B-,E,F,115.125,29.0
922,G,C,4,F,"(0, 4, 7, 10)",V7,B-,E,F,115.25,29.0
923,G,C,4,F,"(0, 4, 7, 10)",V7,B-,E,F,115.375,29.0
924,G,C,4,F,"(0, 4, 7, 10)",V7,B-,E,F,115.5,29.0
925,G,C,4,F,"(0, 4, 7, 10)",V7,B-,E,F,115.625,29.0
926,G,C,4,F,"(0, 4, 7, 10)",V7,B-,E,F,115.75,29.0
927,G,C,4,F,"(0, 4, 7, 10)",V7,B-,E,F,115.875,29.0
928,C,F,0,F,"(0, 5, 9)",I,F,A,F,116.0,30.0
929,C,F,1,F,"(0, 5, 9)",I,F,A,F,116.125,30.0
930,C,F,2,F,"(0, 5, 9)",I,F,A,F,116.25,30.0
931,C,F,2,F,"(0, 5, 9)",I,F,A,F,116.375,30.0
932,C,F,3,F,"(0, 5, 9)",I,F,A,F,116.5,30.0
933,C,F,3,F,"(0, 5, 9)",I,F,A,F,116.625,30.0
934,C,F,3,F,"(0, 5, 9)",I,F,A,F,116.75,30.0
935,C,F,3,F,"(0, 5, 9)",I,F,A,F,116.875,30.0
936,C,F,4,F,"(0, 5, 9)",I,F,A,F,117.0,30.0
937,C,F,4,F,"(0, 5, 9)",I,F,A,F,117.125,30.0
938,C,F,4,F,"(0, 5, 9)",I,F,A,F,117.25,30.0
939,C,F,4,F,"(0, 5, 9)",I,F,A,F,117.375,30.0
940,C,F,4,F,"(0, 5, 9)",I,F,A,F,117.5,30.0
941,C,F,4,F,"(0, 5, 9)",I,F,A,F,117.625,30.0
942,C,F,4,F,"(0, 5, 9)",I,F,A,F,117.75,30.0
943,C,F,4,F,"(0, 5, 9)",I,F,A,F,117.875,30.0
944,C,F,5,F,"(0, 5, 9)",I,F,A,F,118.0,30.0
945,C,F,5,F,"(0, 5, 9)",I,F,A,F,118.125,30.0
946,C,F,5,F,"(0, 5, 9)",I,F,A,F,118.25,30.0
947,C,F,5,F,"(0, 5, 9)",I,F,A,F,118.375,30.0
948,C,F,5,F,"(0, 5, 9)",I,F,A,F,118.5,30.0
949,C,F,5,F,"(0, 5, 9)",I,F,A,F,118.625,30.0
950,C,F,5,F,"(0, 5, 9)",I,F,A,F,118.75,30.0
951,C,F,5,F,"(0, 5, 9)",I,F,A,F,118.875,30.0
952,C,F,5,F,"(0, 5, 9)",I,F,A,F,119.0,30.0
953,C,F,5,F,"(0, 5, 9)",I,F,A,F,119.125,30.0
954,C,F,5,F,"(0, 5, 9)",I,F,A,F,119.25,30.0
955,C,F,5,F,"(0, 5, 9)",I,F,A,F,119.375,30.0
956,C,F,5,F,"(0, 5, 9)",I,F,A,F,119.5,30.0
957,C,F,5,F,"(0, 5, 9)",I,F,A,F,119.625,30.0
958,C,F,5,F,"(0, 5, 9)",I,F,A,F,119.75,30.0
959,C,F,5,F,"(0, 5, 9)",I,F,A,F,119.875,30.0
960,A,E,0,F,"(1, 4, 7, 9)",V7,C,G,F,120.0,31.0
961,A,E,1,F,"(1, 4, 7, 9)",V7,C,G,F,120.125,31.0
962,A,E,2,F,"(1, 4, 7, 9)",V7,C,G,F,120.25,31.0
963,A,E,2,F,"(1, 4, 7, 9)",V7,C,G,F,120.375,31.0
964,A,E,3,F,"(1, 4, 7, 9)",V7,C,G,F,120.5,31.0
965,A,E,3,F,"(1, 4, 7, 9)",V7,C,G,F,120.625,31.0
966,A,E,3,F,"(1, 4, 7, 9)",V7,C,G,F,120.75,31.0
967,A,E,3,F,"(1, 4, 7, 9)",V7,C,G,F,120.875,31.0
968,A,D,0,F,"(2, 5, 9)",i,B-,F,F,121.0,31.0
969,A,D,1,F,"(2, 5, 10)",IV,B-,F,F,121.125,31.0
970,A,D,2,F,"(2, 5, 10)",IV,B-,F,F,121.25,31.0
971,A,D,2,F,"(2, 5, 10)",IV,B-,F,F,121.375,31.0
972,A,D,3,F,"(2, 5, 10)",IV,B-,F,F,121.5,31.0
973,A,D,3,F,"(2, 5, 10)",i,B-,F,F,121.625,31.0
974,A,D,3,F,"(2, 5, 10)",i,B-,F,F,121.75,31.0
975,A,D,3,F,"(2, 5, 10)",i,B-,F,F,121.875,31.0
976,A,C,0,F,"(0, 4, 9)",i,A,E,F,122.0,31.0
977,A,C,1,F,"(0, 4, 9)",i,A,E,F,122.125,31.0
978,A,C,2,F,"(0, 4, 9)",i,A,E,F,122.25,31.0
979,A,C,2,F,"(0, 4, 9)",i,A,E,F,122.375,31.0
980,A,C,3,F,"(0, 4, 9)",i,A,E,F,122.5,31.0
981,A,C,3,F,"(0, 4, 9)",i,A,E,F,122.625,31.0
982,A,C,3,F,"(0, 4, 9)",i,A,E,F,122.75,31.0
983,A,C,3,F,"(0, 4, 9)",i,A,E,F,122.875,31.0
984,F,B-,0,F,"(2, 5, 10)",i,A,D,F,123.0,31.0
985,F,B-,1,F,"(2, 5, 10)",I,B-,D,F,123.125,31.0
986,F,B-,2,F,"(2, 5, 10)",I,B-,D,F,123.25,31.0
987,F,B-,2,F,"(2, 5, 10)",I,B-,D,F,123.375,31.0
988,F,B-,3,F,"(2, 5, 10)",I,B-,D,F,123.5,31.0
989,F,B-,3,F,"(2, 5, 10)",I,B-,D,F,123.625,31.0
990,F,B-,3,F,"(2, 5, 10)",I,B-,D,F,123.75,31.0
991,F,B-,3,F,"(2, 5, 10)",I,B-,D,F,123.875,31.0
992,F,A,0,F,"(0, 5, 9)",I,F,C,F,124.0,32.0
993,F,A,1,F,"(0, 5, 9)",I,F,C,F,124.125,32.0
994,F,A,2,F,"(0, 5, 9)",I,F,C,F,124.25,32.0
995,F,A,2,F,"(0, 5, 9)",I,F,C,F,124.375,32.0
996,F,A,3,F,"(0, 5, 9)",I,F,C,F,124.5,32.0
997,F,A,3,F,"(0, 5, 9)",I,F,C,F,124.625,32.0
998,F,A,3,F,"(0, 5, 9)",I,F,C,F,124.75,32.0
999,F,A,3,F,"(0, 5, 9)",I,F,C,F,124.875,32.0
1000,G,C,0,F,"(0, 4, 7, 10)",V7,B-,E,F,125.0,32.0
1001,G,C,1,F,"(0, 4, 7, 10)",V7,B-,E,F,125.125,32.0
1002,G,C,2,F,"(0, 4, 7, 10)",V7,B-,E,F,125.25,32.0
1003,G,C,2,F,"(0, 4, 7, 10)",V7,B-,E,F,125.375,32.0
1004,G,C,3,F,"(0, 4, 7, 10)",V7,B-,E,F,125.5,32.0
1005,G,C,3,F,"(0, 4, 7, 10)",V7,B-,E,F,125.625,32.0
1006,G,C,3,F,"(0, 4, 7, 10)",V7,B-,E,F,125.75,32.0
1007,G,C,3,F,"(0, 4, 7, 10)",V7,B-,E,F,125.875,32.0
1008,A,D,0,d,"(2, 5, 9)",i,D,F,F,126.0,32.0
1009,A,D,1,d,"(2, 5, 9)",i,D,F,F,126.125,32.0
1010,A,D,2,d,"(2, 5, 9)",i,D,F,F,126.25,32.0
1011,A,D,2,d,"(2, 5, 9)",i,D,F,F,126.375,32.0
1012,A,D,3,d,"(2, 5, 9)",i,D,F,F,126.5,32.0
1013,A,D,3,d,"(2, 5, 9)",i,D,F,F,126.625,32.0
1014,A,D,3,d,"(2, 5, 9)",i,D,F,F,126.75,32.0
1015,A,D,3,d,"(2, 5, 9)",i,D,F,F,126.875,32.0
1016,E-,A,0,F,"(0, 3, 5, 9)",V7,F,C,B-,127.0,32.0
1017,E-,A,1,B-,"(0, 3, 6, 9)",viio7,F,C,B-,127.125,32.0
1018,E-,A,2,B-,"(0, 3, 6, 9)",viio7,F,C,B-,127.25,32.0
1019,E-,A,2,B-,"(0, 3, 6, 9)",viio7,F,C,B-,127.375,32.0
1020,E-,A,3,B-,"(0, 3, 6, 9)",viio7,F,C,B-,127.5,32.0
1021,E-,A,3,B-,"(0, 3, 6, 9)",V7,F,C,B-,127.625,32.0
1022,E-,A,3,B-,"(0, 3, 5, 9)",V7,F,C,B-,127.75,32.0
1023,E-,A,3,B-,"(0, 3, 5, 9)",V7,F,C,B-,127.875,32.0
1024,F,B-,0,B-,"(2, 5, 10)",VI,B-,D,B-,128.0,33.0
1025,F,B-,1,B-,"(2, 5, 10)",VI,B-,D,B-,128.125,33.0
1026,F,B-,2,B-,"(2, 5, 10)",VI,B-,D,B-,128.25,33.0
1027,F,B-,2,B-,"(2, 5, 10)",VI,B-,D,B-,128.375,33.0
1028,F,B-,3,B-,"(2, 5, 10)",VI,B-,D,B-,128.5,33.0
1029,F,B-,3,B-,"(2, 5, 10)",VI,B-,D,B-,128.625,33.0
1030,F,B-,3,B-,"(2, 5, 10)",VI,B-,D,B-,128.75,33.0
1031,F,B-,3,B-,"(2, 5, 10)",VI,B-,D,B-,128.875,33.0
1032,E-,A,0,B-,"(0, 3, 6, 9)",viio7,F,C,B-,129.0,33.0
1033,E-,A,1,B-,"(0, 3, 6, 9)",viio7,F,C,B-,129.125,33.0
1034,E-,A,2,B-,"(0, 3, 6, 9)",viio7,F,C,B-,129.25,33.0
1035,E-,A,2,B-,"(0, 3, 6, 9)",viio7,F,C,B-,129.375,33.0
1036,E-,A,3,B-,"(0, 3, 6, 9)",viio7,F,C,B-,129.5,33.0
1037,E-,A,3,B-,"(0, 3, 6, 9)",viio7,F,C,B-,129.625,33.0
1038,E-,A,3,B-,"(0, 3, 5, 9)",V7,F,C,B-,129.75,33.0
1039,E-,A,3,B-,"(0, 3, 5, 9)",V7,F,C,B-,129.875,33.0
1040,F,B-,0,B-,"(2, 5, 10)",I,B-,D,B-,130.0,33.0
1041,F,B-,1,B-,"(2, 5, 10)",I,B-,D,B-,130.125,33.0
1042,F,B-,2,B-,"(2, 5, 10)",I,B-,D,B-,130.25,33.0
1043,F,B-,2,B-,"(2, 5, 10)",I,B-,D,B-,130.375,33.0
1044,F,B-,3,B-,"(2, 5, 10)",I,B-,D,B-,130.5,33.0
1045,F,B-,3,B-,"(2, 5, 10)",IV,B-,D,B-,130.625,33.0
1046,F,B-,3,B-,"(2, 5, 10)",IV,B-,D,B-,130.75,33.0
1047,F,B-,3,B-,"(2, 5, 10)",IV,B-,D,B-,130.875,33.0
1048,E-,A,0,g,"(0, 3, 6, 9)",viio7,A,C,g,131.0,33.0
1049,E-,A,1,g,"(0, 3, 6, 9)",viio7,F#,C,g,131.125,33.0
1050,E-,A,2,g,"(0, 3, 6, 9)",viio7,F#,C,g,131.25,33.0
1051,E-,A,2,g,"(0, 3, 6, 9)",viio7,F#,C,g,131.375,33.0
1052,E-,A,3,g,"(0, 3, 6, 9)",viio7,F#,C,g,131.5,33.0
1053,E-,A,3,g,"(0, 3, 6, 9)",viio7,F#,C,g,131.625,33.0
1054,E-,A,3,g,"(0, 3, 6, 9)",viio7,F#,C,g,131.75,33.0
1055,E-,A,3,g,"(0, 3, 6, 9)",viio7,F#,C,g,131.875,33.0
1056,F,B-,0,B-,"(2, 5, 10)",I,B-,D,B-,132.0,34.0
1057,F,B-,1,B-,"(2, 5, 10)",I,B-,D,B-,132.125,34.0
1058,F,B-,2,B-,"(2, 5, 10)",I,B-,D,B-,132.25,34.0
1059,F,B-,2,B-,"(2, 5, 10)",I,B-,D,B-,132.375,34.0
1060,F,B-,3,B-,"(2, 5, 10)",I,B-,D,B-,132.5,34.0
1061,F,B-,3,B-,"(2, 5, 10)",I,B-,D,B-,132.625,34.0
1062,F,B-,3,B-,"(2, 5, 10)",I,B-,D,B-,132.75,34.0
1063,F,B-,3,B-,"(2, 5, 10)",I,B-,D,B-,132.875,34.0
1064,F,B-,4,d,"(2, 5, 10)",I,B-,D,d,133.0,34.0
1065,F,B-,4,g,"(2, 5, 10)",I,B-,D,d,133.125,34.0
1066,F,B-,4,g,"(2, 5, 10)",I,B-,D,d,133.25,34.0
1067,F,B-,4,g,"(2, 5, 10)",I,B-,D,d,133.375,34.0
1068,F,B-,4,g,"(2, 5, 10)",I,B-,D,d,133.5,34.0
1069,F,B-,4,g,"(2, 5, 10)",I,B-,D,d,133.625,34.0
1070,F,B-,4,g,"(2, 5, 10)",I,B-,D,d,133.75,34.0
1071,F,B-,4,g,"(2, 5, 10)",I,B-,D,d,133.875,34.0
1072,F,B-,5,g,"(2, 5, 10)",I,B-,D,B-,134.0,34.0
1073,F,B-,5,g,"(2, 5, 10)",I,B-,D,B-,134.125,34.0
1074,F,B-,5,g,"(2, 5, 10)",I,B-,D,B-,134.25,34.0
1075,F,B-,5,g,"(2, 5, 10)",I,B-,D,B-,134.375,34.0
1076,F,B-,5,g,"(2, 5, 10)",I,B-,D,B-,134.5,34.0
1077,F,B-,5,g,"(2, 5, 10)",I,B-,D,B-,134.625,34.0
1078,F,B-,5,g,"(2, 5, 10)",I,B-,D,B-,134.75,34.0
1079,F,B-,5,g,"(2, 5, 10)",I,B-,D,B-,134.875,34.0
1080,F#,C,0,g,"(0, 3, 6, 9)",viio7,A,E-,g,135.0,34.0
1081,F#,C,1,g,"(0, 3, 6, 9)",viio7,A,E-,g,135.125,34.0
1082,F#,C,2,g,"(0, 3, 6, 9)",viio7,A,E-,g,135.25,34.0
1083,F#,C,2,g,"(0, 3, 6, 9)",viio7,A,E-,g,135.375,34.0
1084,F#,C,3,g,"(0, 3, 6, 9)",viio7,A,E-,g,135.5,34.0
1085,F#,C,3,g,"(0, 3, 6, 9)",viio7,A,E-,g,135.625,34.0
1086,F#,C,3,g,"(0, 3, 6, 9)",viio7,A,E-,g,135.75,34.0
1087,F#,C,3,g,"(0, 3, 6, 9)",viio7,A,E-,g,135.875,34.0
1088,G,B-,0,g,"(2, 7, 10)",iv,G,D,g,136.0,35.0
1089,G,B-,1,g,"(2, 7, 10)",iv,G,D,g,136.125,35.0
1090,G,B-,2,g,"(2, 7, 10)",iv,G,D,g,136.25,35.0
1091,G,B-,2,g,"(2, 7, 10)",iv,G,D,g,136.375,35.0
1092,G,B-,3,g,"(2, 7, 10)",iv,G,D,g,136.5,35.0
1093,G,B-,3,g,"(2, 7, 10)",iv,G,D,g,136.625,35.0
1094,G,B-,3,g,"(2, 7, 10)",iv,G,D,g,136.75,35.0
1095,G,B-,3,g,"(2, 7, 10)",iv,G,D,g,136.875,35.0
1096,F#,B-,0,g,"(2, 7, 10)",i,G,D,g,137.0,35.0
1097,F#,B-,1,g,"(2, 7, 10)",i,G,D,g,137.125,35.0
1098,F#,B-,2,g,"(2, 7, 10)",i,G,D,g,137.25,35.0
1099,F#,B-,2,g,"(2, 7, 10)",i,G,D,g,137.375,35.0
1100,F#,B-,3,g,"(2, 7, 10)",i,G,D,g,137.5,35.0
1101,F#,B-,3,g,"(2, 7, 10)",i,G,D,g,137.625,35.0
1102,F#,B-,3,g,"(2, 7, 10)",i,G,D,g,137.75,35.0
1103,F#,B-,3,g,"(2, 7, 10)",i,G,D,g,137.875,35.0
1104,D,G,0,g,"(2, 7, 10)",i,G,B-,g,138.0,35.0
1105,D,G,1,g,"(2, 7, 10)",i,G,B-,g,138.125,35.0
1106,D,G,2,g,"(2, 7, 10)",i,G,B-,g,138.25,35.0
1107,D,G,2,g,"(2, 7, 10)",i,G,B-,g,138.375,35.0
1108,D,G,3,g,"(2, 7, 10)",i,G,B-,g,138.5,35.0
1109,D,G,3,g,"(2, 7, 10)",iv,G,B-,g,138.625,35.0
1110,D,G,3,g,"(2, 7, 10)",iv,G,B-,g,138.75,35.0
1111,D,G,3,g,"(2, 7, 10)",iv,G,B-,g,138.875,35.0
1112,D,F#,0,g,"(2, 6, 9)",i,D,A,g,139.0,35.0
1113,D,F#,1,g,"(2, 6, 9)",i,D,A,g,139.125,35.0
1114,D,F#,2,g,"(2, 6, 9)",i,D,A,g,139.25,35.0
1115,D,F#,2,g,"(2, 6, 9)",i,D,A,g,139.375,35.0
1116,D,F#,3,g,"(2, 6, 9)",i,D,A,g,139.5,35.0
1117,D,F#,3,g,"(2, 6, 9)",i,D,A,g,139.625,35.0
1118,D,F#,3,g,"(2, 6, 9)",i,D,A,g,139.75,35.0
1119,D,F#,3,g,"(2, 6, 9)",i,D,A,g,139.875,35.0
1120,D,G,0,g,"(2, 7, 10)",i,G,B-,g,140.0,36.0
1121,D,G,1,g,"(2, 7, 10)",i,G,B-,g,140.125,36.0
1122,D,G,2,g,"(2, 7, 10)",i,G,B-,g,140.25,36.0
1123,D,G,2,g,"(2, 7, 10)",i,G,B-,g,140.375,36.0
1124,D,G,3,g,"(2, 7, 10)",i,G,B-,g,140.5,36.0
1125,D,G,3,g,"(2, 7, 10)",i,G,B-,g,140.625,36.0
1126,D,G,3,g,"(2, 7, 10)",i,G,B-,g,140.75,36.0
1127,D,G,3,g,"(2, 7, 10)",i,G,B-,g,140.875,36.0
1128,B,F,0,d,"(2, 5, 8, 11)",viio7,D,A-,c,141.0,36.0
1129,B,F,1,d,"(2, 5, 8, 11)",viio7,D,A-,c,141.125,36.0
1130,B,F,2,d,"(2, 5, 8, 11)",viio7,D,A-,c,141.25,36.0
1131,B,F,2,d,"(2, 5, 8, 11)",viio7,D,A-,c,141.375,36.0
1132,B,F,3,d,"(2, 5, 8, 11)",viio7,D,A-,c,141.5,36.0
1133,B,F,3,d,"(2, 5, 8, 11)",viio7,D,A-,c,141.625,36.0
1134,B,F,3,d,"(2, 5, 8, 11)",viio7,D,A-,c,141.75,36.0
1135,B,F,3,d,"(2, 5, 8, 11)",viio7,D,A-,c,141.875,36.0
1136,C,E-,0,d,"(0, 3, 7)",ii,C,G,g,142.0,36.0
1137,C,E-,1,d,"(0, 3, 7)",ii,C,G,g,142.125,36.0
1138,C,E-,2,d,"(0, 3, 7)",ii,C,G,g,142.25,36.0
1139,C,E-,2,d,"(0, 3, 7)",ii,C,G,g,142.375,36.0
1140,C,E-,3,d,"(0, 3, 7)",V7,C,G,g,142.5,36.0
1141,C,E-,3,d,"(0, 3, 7)",V7,C,G,g,142.625,36.0
1142,C,E-,3,d,"(0, 3, 7)",V7,C,G,g,142.75,36.0
1143,C,E-,3,d,"(0, 3, 7)",V7,C,G,g,142.875,36.0
1144,A,E,0,d,"(1, 4, 7, 9)",V7,C#,G,d,143.0,36.0
1145,A,E,1,d,"(1, 4, 7, 9)",V7,C#,G,d,143.125,36.0
1146,A,E,2,d,"(1, 4, 7, 9)",V7,C#,G,d,143.25,36.0
1147,A,E,2,d,"(1, 4, 7, 9)",V7,C#,G,d,143.375,36.0
1148,A,E,3,d,"(1, 4, 7, 9)",V7,C#,G,d,143.5,36.0
1149,A,E,3,d,"(1, 4, 7, 9)",V7,C#,G,d,143.625,36.0
1150,A,E,3,d,"(1, 4, 7, 9)",V7,C#,G,d,143.75,36.0
1151,A,E,3,d,"(1, 4, 7, 9)",V7,C#,G,d,143.875,36.0
1152,A,D,0,d,"(2, 5, 9)",i,D,F,d,144.0,37.0
1153,A,D,1,d,"(2, 5, 9)",i,D,F,d,144.125,37.0
1154,A,D,2,d,"(2, 5, 9)",i,D,F,d,144.25,37.0
1155,A,D,2,d,"(2, 5, 9)",i,D,F,d,144.375,37.0
1156,A,D,3,d,"(2, 5, 9)",i,D,F,d,144.5,37.0
1157,A,D,3,d,"(2, 5, 9)",i,D,F,d,144.625,37.0
1158,A,D,3,d,"(2, 5, 9)",i,D,F,d,144.75,37.0
1159,A,D,3,d,"(2, 5, 9)",i,D,F,d,144.875,37.0
1160,A,D,4,d,"(2, 5, 9)",i,D,F,d,145.0,37.0
1161,A,D,4,d,"(2, 5, 9)",i,D,F,d,145.125,37.0
1162,A,D,4,d,"(2, 5, 9)",i,D,F,d,145.25,37.0
1163,A,D,4,d,"(2, 5, 9)",i,D,F,d,145.375,37.0
1164,A,D,4,d,"(2, 5, 9)",i,D,F,d,145.5,37.0
1165,A,D,4,d,"(2, 5, 9)",i,D,F,d,145.625,37.0
1166,A,D,4,d,"(2, 5, 9)",i,D,F,d,145.75,37.0
1167,A,D,4,d,"(2, 5, 9)",i,D,F,d,145.875,37.0
1168,A,D,5,d,"(2, 5, 9)",i,D,F,d,146.0,37.0
1169,A,D,5,d,"(2, 5, 9)",i,D,F,d,146.125,37.0
1170,A,D,5,d,"(2, 5, 9)",i,D,F,d,146.25,37.0
1171,A,D,5,d,"(2, 5, 9)",i,D,F,d,146.375,37.0
1172,A,D,5,d,"(2, 5, 9)",i,D,F,d,146.5,37.0
1173,A,D,5,d,"(2, 5, 9)",i,D,F,d,146.625,37.0
1174,A,D,5,d,"(2, 5, 9)",i,D,F,d,146.75,37.0
1175,A,D,5,d,"(2, 5, 9)",i,D,F,d,146.875,37.0
1176,B-,E,0,d,"(2, 4, 7, 10)",viio7,D,G,d,147.0,37.0
1177,B-,E,1,d,"(2, 4, 7, 10)",viio7,D,G,d,147.125,37.0
1178,B-,E,2,d,"(2, 4, 7, 10)",viio7,D,G,d,147.25,37.0
1179,B-,E,2,d,"(2, 4, 7, 10)",viio7,D,G,d,147.375,37.0
1180,B-,E,3,d,"(2, 4, 7, 10)",viio7,D,G,d,147.5,37.0
1181,B-,E,3,d,"(2, 4, 7, 10)",viio7,D,G,d,147.625,37.0
1182,B-,E,3,d,"(2, 4, 7, 10)",viio7,D,G,d,147.75,37.0
1183,B-,E,3,d,"(2, 4, 7, 10)",viio7,D,G,d,147.875,37.0
1184,D,F,0,d,"(2, 5, 9)",i,D,A,d,148.0,38.0
1185,D,F,1,d,"(2, 5, 9)",i,D,A,d,148.125,38.0
1186,D,F,2,d,"(2, 5, 9)",i,D,A,d,148.25,38.0
1187,D,F,2,d,"(2, 5, 9)",i,D,A,d,148.375,38.0
1188,D,F,3,d,"(2, 5, 9)",i,D,A,d,148.5,38.0
1189,D,F,3,d,"(2, 5, 9)",i,D,A,d,148.625,38.0
1190,D,F,3,d,"(2, 5, 9)",i,D,A,d,148.75,38.0
1191,D,F,3,d,"(2, 5, 9)",i,D,A,d,148.875,38.0
1192,F,B-,0,d,"(2, 7, 10)",i,G,D,d,149.0,38.0
1193,F,B-,1,d,"(2, 7, 10)",iv,G,D,d,149.125,38.0
1194,F,B-,2,d,"(2, 7, 10)",iv,G,D,d,149.25,38.0
1195,F,B-,2,d,"(2, 7, 10)",iv,G,D,d,149.375,38.0
1196,F,B-,3,d,"(2, 7, 10)",iv,G,D,d,149.5,38.0
1197,F,B-,3,d,"(2, 7, 10)",iv,G,D,d,149.625,38.0
1198,F,B-,3,d,"(2, 7, 10)",iv,G,D,d,149.75,38.0
1199,F,B-,3,d,"(2, 7, 10)",iv,G,D,d,149.875,38.0
1200,E,A,0,d,"(2, 5, 9)",i,D,D,d,150.0,38.0
1201,E,A,1,d,"(2, 5, 9)",i,D,D,d,150.125,38.0
1202,E,A,2,d,"(2, 5, 9)",i,D,D,d,150.25,38.0
1203,E,A,2,d,"(2, 5, 9)",i,D,D,d,150.375,38.0
1204,E,A,3,d,"(2, 5, 9)",i,D,D,d,150.5,38.0
1205,E,A,3,d,"(2, 5, 9)",i,D,D,d,150.625,38.0
1206,E,A,3,d,"(2, 5, 9)",i,D,D,d,150.75,38.0
1207,E,A,3,d,"(2, 5, 9)",i,D,D,d,150.875,38.0
1208,E,A,0,d,"(1, 4, 7, 9)",V7,G,C#,d,151.0,38.0
1209,E,A,1,d,"(1, 4, 7, 9)",V7,G,C#,d,151.125,38.0
1210,E,A,2,d,"(1, 4, 7, 9)",V7,G,C#,d,151.25,38.0
1211,E,A,2,d,"(1, 4, 7, 9)",V7,G,C#,d,151.375,38.0
1212,E,A,3,d,"(1, 4, 7, 9)",V7,G,C#,d,151.5,38.0
1213,E,A,3,d,"(1, 4, 7, 9)",V7,G,C#,d,151.625,38.0
1214,E,A,3,d,"(1, 4, 7, 9)",V7,G,C#,d,151.75,38.0
1215,E,A,3,d,"(1, 4, 7, 9)",V7,G,C#,d,151.875,38.0
1216,A,D,0,d,"(2, 5, 9)",i,D,F,d,152.0,39.0
1217,A,D,1,d,"(2, 5, 9)",i,D,F,d,152.125,39.0
1218,A,D,2,d,"(2, 5, 9)",i,D,F,d,152.25,39.0
1219,A,D,2,d,"(2, 5, 9)",i,D,F,d,152.375,39.0
1220,A,D,3,d,"(2, 5, 9)",i,D,F,d,152.5,39.0
1221,A,D,3,d,"(2, 5, 9)",i,D,F,d,152.625,39.0
1222,A,D,3,d,"(2, 5, 9)",i,D,F,d,152.75,39.0
1223,A,D,3,d,"(2, 5, 9)",i,D,F,d,152.875,39.0
1224,A,D,4,d,"(2, 5, 9)",i,D,F,d,153.0,39.0
1225,A,D,4,d,"(2, 5, 9)",i,D,F,d,153.125,39.0
1226,A,D,4,d,"(2, 5, 9)",i,D,F,d,153.25,39.0
1227,A,D,4,d,"(2, 5, 9)",i,D,F,d,153.375,39.0
1228,A,D,4,d,"(2, 5, 9)",i,D,F,d,153.5,39.0
1229,A,D,4,d,"(2, 5, 9)",i,D,F,d,153.625,39.0
1230,A,D,4,d,"(2, 5, 9)",i,D,F,d,153.75,39.0
1231,A,D,4,d,"(2, 5, 9)",i,D,F,d,153.875,39.0
1232,A,A,0,d,"(2, 5, 9)",i,D,F,d,154.0,39.0
1233,A,A,1,d,"(2, 5, 9)",i,D,F,d,154.125,39.0
1234,A,A,2,d,"(2, 5, 9)",i,D,F,d,154.25,39.0
1235,A,A,2,d,"(2, 5, 9)",i,D,F,d,154.375,39.0
1236,A,A,3,d,"(2, 5, 9)",i,D,F,d,154.5,39.0
1237,A,A,3,d,"(2, 5, 9)",i,D,F,d,154.625,39.0
1238,A,A,3,d,"(2, 5, 9)",i,D,F,d,154.75,39.0
1239,A,A,3,d,"(2, 5, 9)",i,D,F,d,154.875,39.0
1240,E,A,4,d,"(2, 5, 9)",i,D,F,d,155.0,39.0
1241,F,A,4,d,"(2, 5, 9)",i,D,F,d,155.125,39.0
1242,F,A,2,d,"(2, 5, 9)",i,D,F,d,155.25,39.0
1243,E,A,2,d,"(2, 5, 9)",i,D,F,d,155.375,39.0
1244,E,A,3,d,"(2, 5, 9)",i,D,F,d,155.5,39.0
1245,E,A,3,d,"(2, 5, 9)",i,D,C#,d,155.625,39.0
1246,F,A,4,d,"(2, 5, 9)",i,D,C#,d,155.75,39.0
1247,F,A,4,d,"(2, 5, 9)",i,D,C#,d,155.875,39.0
1248,E,A,0,d,"(1, 4, 9)",i,A,C#,d,156.0,40.0
1249,E,A,1,d,"(1, 4, 9)",V,A,C#,d,156.125,40.0
1250,E,A,2,d,"(1, 4, 9)",V,A,C#,d,156.25,40.0
1251,E,A,2,d,"(1, 4, 9)",V,A,C#,d,156.375,40.0
1252,E,A,3,d,"(1, 4, 9)",V,A,C#,d,156.5,40.0
1253,E,A,3,d,"(1, 4, 9)",V,A,C#,d,156.625,40.0
1254,E,A,3,d,"(1, 4, 9)",V,A,C#,d,156.75,40.0
1255,E,A,3,d,"(1, 4, 9)",V,A,C#,d,156.875,40.0
1256,E,A,4,d,"(1, 4, 9)",i,A,C#,d,157.0,40.0
1257,E,A,4,d,"(1, 4, 9)",i,A,C#,d,157.125,40.0
1258,E,A,4,d,"(1, 4, 9)",i,A,C#,d,157.25,40.0
1259,E,A,4,d,"(1, 4, 9)",i,A,C#,d,157.375,40.0
1260,E,A,4,d,"(1, 4, 9)",i,A,C#,d,157.5,40.0
1261,E,A,4,d,"(1, 4, 9)",i,A,C#,d,157.625,40.0
1262,E,A,4,d,"(1, 4, 9)",i,A,C#,d,157.75,40.0
1263,E,A,4,d,"(1, 4, 9)",i,A,C#,d,157.875,40.0
1264,E,A,5,d,"(1, 4, 9)",i,A,C#,d,158.0,40.0
1265,E,A,5,d,"(1, 4, 9)",i,A,C#,d,158.125,40.0
1266,E,A,5,d,"(1, 4, 9)",i,A,C#,d,158.25,40.0
1267,E,A,5,d,"(1, 4, 9)",i,A,C#,d,158.375,40.0
1268,E,A,5,d,"(1, 4, 9)",i,A,C#,d,158.5,40.0
1269,E,A,5,d,"(1, 4, 9)",i,A,C#,d,158.625,40.0
1270,E,A,5,d,"(1, 4, 9)",i,A,C#,d,158.75,40.0
1271,E,A,5,d,"(1, 4, 9)",i,A,C#,d,158.875,40.0
1272,E,A,5,d,"(2, 5, 9)",i,A,C#,d,159.0,40.0
1273,F,A,5,d,"(2, 5, 9)",i,A,C#,d,159.125,40.0
1274,F,A,5,d,"(2, 5, 9)",i,A,C#,d,159.25,40.0
1275,F,A,5,d,"(2, 5, 9)",i,A,C#,d,159.375,40.0
1276,F,A,5,d,"(2, 5, 9)",i,D,C#,d,159.5,40.0
1277,F,A,5,d,"(2, 5, 9)",i,D,C#,d,159.625,40.0
1278,F,A,5,d,"(2, 5, 9)",i,D,C#,d,159.75,40.0
1279,F,A,3,d,"(2, 5, 9)",i,D,C#,d,159.875,40.0
1280,E,A,0,A,"(1, 4, 9)",I,A,C#,A,160.0,41.0
1281,E,A,1,A,"(1, 4, 9)",I,A,C#,A,160.125,41.0
1282,E,A,2,A,"(1, 4, 9)",I,A,C#,A,160.25,41.0
1283,E,A,2,A,"(1, 4, 9)",I,A,C#,A,160.375,41.0
1284,E,A,3,A,"(1, 4, 9)",I,A,C#,A,160.5,41.0
1285,E,A,3,A,"(1, 4, 9)",I,A,C#,A,160.625,41.0
1286,E,A,3,A,"(1, 4, 9)",I,A,C#,A,160.75,41.0
1287,E,A,3,A,"(1, 4, 9)",I,A,C#,A,160.875,41.0
1288,E,A,4,A,"(1, 4, 9)",I,A,C#,A,161.0,41.0
1289,E,A,4,A,"(1, 4, 9)",I,A,C#,A,161.125,41.0
1290,E,A,4,A,"(1, 4, 9)",I,A,C#,A,161.25,41.0
1291,E,A,4,A,"(1, 4, 9)",I,A,C#,A,161.375,41.0
1292,E,A,4,A,"(1, 4, 9)",I,A,C#,A,161.5,41.0
1293,E,A,4,A,"(1, 4, 9)",I,A,C#,A,161.625,41.0
1294,E,A,4,A,"(1, 4, 9)",I,A,C#,A,161.75,41.0
1295,E,A,4,A,"(1, 4, 9)",I,A,C#,A,161.875,41.0
1296,E,A,5,A,"(1, 4, 9)",I,A,C#,A,162.0,41.0
1297,E,A,5,A,"(1, 4, 9)",I,A,C#,A,162.125,41.0
1298,E,A,5,A,"(1, 4, 9)",I,A,C#,A,162.25,41.0
1299,E,A,5,A,"(1, 4, 9)",I,A,C#,A,162.375,41.0
1300,E,A,5,A,"(1, 4, 9)",I,A,C#,A,162.5,41.0
1301,E,A,5,A,"(1, 4, 9)",I,A,C#,A,162.625,41.0
1302,E,A,5,A,"(1, 4, 9)",I,A,C#,A,162.75,41.0
1303,E,A,5,A,"(1, 4, 9)",I,A,C#,A,162.875,41.0
1304,E,A,5,A,"(1, 4, 9)",I,A,C#,A,163.0,41.0
1305,E,A,5,A,"(1, 4, 9)",I,A,C#,A,163.125,41.0
1306,E,A,5,A,"(1, 4, 9)",I,A,C#,A,163.25,41.0
1307,E,A,5,A,"(1, 4, 9)",I,A,C#,A,163.375,41.0
1308,E,A,5,A,"(1, 4, 9)",I,A,C#,A,163.5,41.0
1309,E,A,5,A,"(1, 4, 9)",I,A,C#,A,163.625,41.0
1310,E,A,5,A,"(1, 4, 9)",I,A,C#,A,163.75,41.0
1311,E,A,5,A,"(1, 4, 9)",I,A,C#,A,163.875,41.0
1312,C--,C--,6,A,"(0, 1, 5, 8)",Cad,C--,C--,A,,
1313,C--,C--,6,A,"(0, 1, 5, 8)",Cad,C--,C--,A,,
1314,C--,C--,6,A,"(0, 1, 5, 8)",Cad,C--,C--,A,,
1315,C--,C--,6,A,"(0, 1, 5, 8)",Cad,C--,C--,A,,
1316,C--,C--,6,A,"(0, 1, 5, 8)",Cad,C--,C--,A,,
1317,C--,C--,6,A,"(0, 1, 5, 8)",Cad,C--,C--,A,,
1318,C--,C--,6,A,"(0, 1, 5, 8)",Cad,C--,C--,A,,
1319,C--,C--,6,A,"(0, 1, 5, 8)",Cad,C--,C--,A,,
1320,C--,C--,6,A,"(0, 1, 5, 8)",Cad,C--,C--,A,,
1321,C--,C--,6,A,"(0, 1, 5, 8)",Cad,C--,C--,A,,
1322,C--,C--,6,A,"(0, 1, 5, 8)",Cad,C--,C--,A,,
1323,C--,C--,6,A,"(0, 1, 5, 8)",Cad,C--,C--,A,,
1324,C--,C--,6,A,"(0, 1, 5, 8)",Cad,C--,C--,A,,
1325,C--,C--,6,A,"(0, 1, 5, 8)",Cad,C--,C--,A,,
1326,C--,C--,6,A,"(0, 1, 5, 8)",Cad,C--,C--,A,,
1327,C--,C--,6,A,"(0, 1, 5, 8)",Cad,C--,C--,A,,
1328,C--,C--,6,A,"(0, 1, 5, 8)",Cad,C--,C--,A,,
1329,C--,C--,6,A,"(0, 1, 5, 8)",Cad,C--,C--,A,,
1330,C--,C--,6,A,"(0, 1, 5, 8)",Cad,C--,C--,A,,
1331,C--,C--,6,A,"(0, 1, 5, 8)",Cad,C--,C--,A,,
1332,C--,C--,6,A,"(0, 1, 5, 8)",Cad,C--,C--,A,,
1333,C--,C--,6,A,"(0, 1, 5, 8)",Cad,C--,C--,A,,
1334,C--,C--,6,A,"(0, 1, 5, 8)",Cad,C--,C--,A,,
1335,C--,C--,6,A,"(0, 1, 5, 8)",Cad,C--,C--,A,,
1336,C--,C--,6,A,"(0, 1, 5, 8)",Cad,C--,C--,A,,
1337,C--,C--,6,A,"(0, 1, 5, 8)",Cad,C--,C--,A,,
1338,C--,C--,6,A,"(0, 1, 5, 8)",Cad,C--,C--,A,,
1339,C--,C--,6,A,"(0, 1, 5, 8)",Cad,C--,C--,A,,
1340,C--,C--,6,A,"(0, 1, 5, 8)",Cad,C--,C--,A,,
1341,C--,C--,6,A,"(0, 1, 5, 8)",Cad,C--,C--,A,,
1342,C--,C--,6,A,"(0, 1, 5, 8)",Cad,C--,C--,A,,
1343,C--,C--,6,A,"(0, 1, 5, 8)",Cad,C--,C--,A,,
1344,C--,C--,6,A,"(0, 1, 5, 8)",Cad,C--,C--,A,,
1345,C--,C--,6,A,"(0, 1, 5, 8)",Cad,C--,C--,A,,
1346,C--,C--,6,A,"(0, 1, 5, 8)",Cad,C--,C--,A,,
1347,C--,C--,6,A,"(0, 1, 5, 8)",Cad,C--,C--,A,,
1348,C--,C--,6,A,"(0, 1, 5, 8)",Cad,C--,C--,A,,
1349,C--,C--,6,A,"(0, 1, 5, 8)",Cad,C--,C--,A,,
1350,C--,C--,6,A,"(0, 1, 5, 8)",Cad,C--,C--,A,,
1351,C--,C--,6,A,"(0, 1, 5, 8)",Cad,C--,C--,A,,
1352,C--,C--,6,A,"(0, 1, 5, 8)",Cad,C--,C--,A,,
1353,C--,C--,6,A,"(0, 1, 5, 8)",Cad,C--,C--,A,,
1354,C--,C--,6,A,"(0, 1, 5, 8)",Cad,C--,C--,A,,
1355,C--,C--,6,A,"(0, 1, 5, 8)",Cad,C--,C--,A,,
1356,C--,C--,6,A,"(0, 1, 5, 8)",Cad,C--,C--,A,,
1357,C--,C--,6,A,"(0, 1, 5, 8)",Cad,C--,C--,A,,
1358,C--,C--,6,A,"(0, 1, 5, 8)",Cad,C--,C--,A,,
1359,C--,C--,6,A,"(0, 1, 5, 8)",Cad,C--,C--,A,,
1360,C--,C--,6,A,"(0, 1, 5, 8)",Cad,C--,C--,A,,
1361,C--,C--,6,A,"(0, 1, 5, 8)",Cad,C--,C--,A,,
1362,C--,C--,6,A,"(0, 1, 5, 8)",Cad,C--,C--,A,,
1363,C--,C--,6,A,"(0, 1, 5, 8)",Cad,C--,C--,A,,
1364,C--,C--,6,A,"(0, 1, 5, 8)",Cad,C--,C--,A,,
1365,C--,C--,6,A,"(0, 1, 5, 8)",Cad,C--,C--,A,,
1366,C--,C--,6,A,"(0, 1, 5, 8)",Cad,C--,C--,A,,
1367,C--,C--,6,A,"(0, 1, 5, 8)",Cad,C--,C--,A,,
1368,C--,C--,6,A,"(0, 1, 5, 8)",Cad,C--,C--,A,,
1369,C--,C--,6,A,"(0, 1, 5, 8)",Cad,C--,C--,A,,
1370,C--,C--,6,A,"(0, 1, 5, 8)",Cad,C--,C--,A,,
1371,C--,C--,6,A,"(0, 1, 5, 8)",Cad,C--,C--,A,,
1372,C--,C--,6,A,"(0, 1, 5, 8)",Cad,C--,C--,A,,
1373,C--,C--,6,A,"(0, 1, 5, 8)",Cad,C--,C--,A,,
1374,C--,C--,6,A,"(0, 1, 5, 8)",Cad,C--,C--,A,,
1375,C--,C--,6,A,"(0, 1, 5, 8)",Cad,C--,C--,A,,
1376,C--,C--,6,A,"(0, 1, 5, 8)",Cad,C--,C--,A,,
1377,C--,C--,6,A,"(0, 1, 5, 8)",Cad,C--,C--,A,,
1378,C--,C--,6,A,"(0, 1, 5, 8)",Cad,C--,C--,A,,
1379,C--,C--,6,A,"(0, 1, 5, 8)",Cad,C--,C--,A,,
1380,C--,C--,6,A,"(0, 1, 5, 8)",Cad,C--,C--,A,,
1381,C--,C--,6,A,"(0, 1, 5, 8)",Cad,C--,C--,A,,
1382,C--,C--,6,A,"(0, 1, 5, 8)",Cad,C--,C--,A,,
1383,C--,C--,6,A,"(0, 1, 5, 8)",Cad,C--,C--,A,,
1384,C--,C--,6,A,"(0, 1, 5, 8)",Cad,C--,C--,A,,
1385,C--,C--,6,A,"(0, 1, 5, 8)",Cad,C--,C--,A,,
1386,C--,C--,6,A,"(0, 1, 5, 8)",Cad,C--,C--,A,,
1387,C--,C--,6,A,"(0, 1, 5, 8)",Cad,C--,C--,A,,
1388,C--,C--,6,A,"(0, 1, 5, 8)",Cad,C--,C--,A,,
1389,C--,C--,6,A,"(0, 1, 5, 8)",Cad,C--,C--,A,,
1390,C--,C--,6,A,"(0, 1, 5, 8)",Cad,C--,C--,A,,
1391,C--,C--,6,A,"(0, 1, 5, 8)",Cad,C--,C--,A,,
1392,C--,C--,6,A,"(0, 1, 5, 8)",Cad,C--,C--,A,,
1393,C--,C--,6,A,"(0, 1, 5, 8)",Cad,C--,C--,A,,
1394,C--,C--,6,A,"(0, 1, 5, 8)",Cad,C--,C--,A,,
1395,C--,C--,6,A,"(0, 1, 5, 8)",Cad,C--,C--,A,,
1396,C--,C--,6,A,"(0, 1, 5, 8)",Cad,C--,C--,A,,
1397,C--,C--,6,A,"(0, 1, 5, 8)",Cad,C--,C--,A,,
1398,C--,C--,6,A,"(0, 1, 5, 8)",Cad,C--,C--,A,,
1399,C--,C--,6,A,"(0, 1, 5, 8)",Cad,C--,C--,A,,
1400,C--,C--,6,A,"(0, 1, 5, 8)",Cad,C--,C--,A,,
1401,C--,C--,6,A,"(0, 1, 5, 8)",Cad,C--,C--,A,,
1402,C--,C--,6,A,"(0, 1, 5, 8)",Cad,C--,C--,A,,
1403,C--,C--,6,A,"(0, 1, 5, 8)",Cad,C--,C--,A,,
1404,C--,C--,6,A,"(0, 1, 5, 8)",Cad,C--,C--,A,,
1405,C--,C--,6,A,"(0, 1, 5, 8)",Cad,C--,C--,A,,
1406,C--,C--,6,A,"(0, 1, 5, 8)",Cad,C--,C--,A,,
1407,C--,C--,6,A,"(0, 1, 5, 8)",Cad,C--,C--,A,,
1408,C--,C--,6,A,"(0, 1, 5, 8)",Cad,C--,C--,A,,
1409,C--,C--,6,A,"(0, 1, 5, 8)",Cad,C--,C--,A,,
1410,C--,C--,6,A,"(0, 1, 5, 8)",Cad,C--,C--,A,,
1411,C--,C--,6,A,"(0, 1, 5, 8)",Cad,C--,C--,A,,
1412,C--,C--,6,A,"(0, 1, 5, 8)",Cad,C--,C--,A,,
1413,C--,C--,6,A,"(0, 1, 5, 8)",Cad,C--,C--,A,,
1414,C--,C--,6,A,"(0, 1, 5, 8)",Cad,C--,C--,A,,
1415,C--,C--,6,A,"(0, 1, 5, 8)",Cad,C--,C--,A,,
1416,C--,C--,6,A,"(0, 1, 5, 8)",Cad,C--,C--,A,,
1417,C--,C--,6,A,"(0, 1, 5, 8)",Cad,C--,C--,A,,
1418,C--,C--,6,A,"(0, 1, 5, 8)",Cad,C--,C--,A,,
1419,C--,C--,6,A,"(0, 1, 5, 8)",Cad,C--,C--,A,,
1420,C--,C--,6,A,"(0, 1, 5, 8)",Cad,C--,C--,A,,
1421,C--,C--,6,A,"(0, 1, 5, 8)",Cad,C--,C--,A,,
1422,C--,C--,6,A,"(0, 1, 5, 8)",Cad,C--,C--,A,,
1423,C--,C--,6,A,"(0, 1, 5, 8)",Cad,C--,C--,A,,
1424,C--,C--,6,A,"(0, 1, 5, 8)",Cad,C--,C--,A,,
1425,C--,C--,6,A,"(0, 1, 5, 8)",Cad,C--,C--,A,,
1426,C--,C--,6,A,"(0, 1, 5, 8)",Cad,C--,C--,A,,
1427,C--,C--,6,A,"(0, 1, 5, 8)",Cad,C--,C--,A,,
1428,C--,C--,6,A,"(0, 1, 5, 8)",Cad,C--,C--,A,,
1429,C--,C--,6,A,"(0, 1, 5, 8)",Cad,C--,C--,A,,
1430,C--,C--,6,A,"(0, 1, 5, 8)",Cad,C--,C--,A,,
1431,C--,C--,6,A,"(0, 1, 5, 8)",Cad,C--,C--,A,,
1432,C--,C--,6,A,"(0, 1, 5, 8)",Cad,C--,C--,A,,
1433,C--,C--,6,A,"(0, 1, 5, 8)",Cad,C--,C--,A,,
1434,C--,C--,6,A,"(0, 1, 5, 8)",Cad,C--,C--,A,,
1435,C--,C--,6,A,"(0, 1, 5, 8)",Cad,C--,C--,A,,
1436,C--,C--,6,A,"(0, 1, 5, 8)",Cad,C--,C--,A,,
1437,C--,C--,6,A,"(0, 1, 5, 8)",Cad,C--,C--,A,,
1438,C--,C--,6,A,"(0, 1, 5, 8)",Cad,C--,C--,A,,
1439,C--,C--,6,A,"(0, 1, 5, 8)",Cad,C--,C--,A,,
1440,C--,C--,6,A,"(0, 1, 5, 8)",Cad,C--,C--,A,,
1441,C--,C--,6,A,"(0, 1, 5, 8)",Cad,C--,C--,A,,
1442,C--,C--,6,A,"(0, 1, 5, 8)",Cad,C--,C--,A,,
1443,C--,C--,6,A,"(0, 1, 5, 8)",Cad,C--,C--,A,,
1444,C--,C--,6,A,"(0, 1, 5, 8)",Cad,C--,C--,A,,
1445,C--,C--,6,A,"(0, 1, 5, 8)",Cad,C--,C--,A,,
1446,C--,C--,6,A,"(0, 1, 5, 8)",Cad,C--,C--,A,,
1447,C--,C--,6,A,"(0, 1, 5, 8)",Cad,C--,C--,A,,
1448,C--,C--,6,A,"(0, 1, 5, 8)",Cad,C--,C--,A,,
1449,C--,C--,6,A,"(0, 1, 5, 8)",Cad,C--,C--,A,,
1450,C--,C--,6,A,"(0, 1, 5, 8)",Cad,C--,C--,A,,
1451,C--,C--,6,A,"(0, 1, 5, 8)",Cad,C--,C--,A,,
1452,C--,C--,6,A,"(0, 1, 5, 8)",Cad,C--,C--,A,,
1453,C--,C--,6,A,"(0, 1, 5, 8)",Cad,C--,C--,A,,
1454,C--,C--,6,A,"(0, 1, 5, 8)",Cad,C--,C--,A,,
1455,C--,C--,6,A,"(0, 1, 5, 8)",Cad,C--,C--,A,,
1456,C--,C--,6,A,"(0, 1, 5, 8)",Cad,C--,C--,A,,
1457,C--,C--,6,A,"(0, 1, 5, 8)",Cad,C--,C--,A,,
1458,C--,C--,6,A,"(0, 1, 5, 8)",Cad,C--,C--,A,,
1459,C--,C--,6,A,"(0, 1, 5, 8)",Cad,C--,C--,A,,
1460,C--,C--,6,A,"(0, 1, 5, 8)",Cad,C--,C--,A,,
1461,C--,C--,6,A,"(0, 1, 5, 8)",Cad,C--,C--,A,,
1462,C--,C--,6,A,"(0, 1, 5, 8)",Cad,C--,C--,A,,
1463,C--,C--,6,A,"(0, 1, 5, 8)",Cad,C--,C--,A,,
1464,C--,C--,6,A,"(0, 1, 5, 8)",Cad,C--,C--,A,,
1465,C--,C--,6,A,"(0, 1, 5, 8)",Cad,C--,C--,A,,
1466,C--,C--,6,A,"(0, 1, 5, 8)",Cad,C--,C--,A,,
1467,C--,C--,6,A,"(0, 1, 5, 8)",Cad,C--,C--,A,,
1468,C--,C--,6,A,"(0, 1, 5, 8)",Cad,C--,C--,A,,
1469,C--,C--,6,A,"(0, 1, 5, 8)",Cad,C--,C--,A,,
1470,C--,C--,6,A,"(0, 1, 5, 8)",Cad,C--,C--,A,,
1471,C--,C--,6,A,"(0, 1, 5, 8)",Cad,C--,C--,A,,
1472,C--,C--,6,A,"(0, 1, 5, 8)",Cad,C--,C--,A,,
1473,C--,C--,6,A,"(0, 1, 5, 8)",Cad,C--,C--,A,,
1474,C--,C--,6,A,"(0, 1, 5, 8)",Cad,C--,C--,A,,
1475,C--,C--,6,A,"(0, 1, 5, 8)",Cad,C--,C--,A,,
1476,C--,C--,6,A,"(0, 1, 5, 8)",Cad,C--,C--,A,,
1477,C--,C--,6,A,"(0, 1, 5, 8)",Cad,C--,C--,A,,
1478,C--,C--,6,A,"(0, 1, 5, 8)",Cad,C--,C--,A,,
1479,C--,C--,6,A,"(0, 1, 5, 8)",Cad,C--,C--,A,,
1480,C--,C--,6,A,"(0, 1, 5, 8)",Cad,C--,C--,A,,
1481,C--,C--,6,A,"(0, 1, 5, 8)",Cad,C--,C--,A,,
1482,C--,C--,6,A,"(0, 1, 5, 8)",Cad,C--,C--,A,,
1483,C--,C--,6,A,"(0, 1, 5, 8)",Cad,C--,C--,A,,
1484,C--,C--,6,A,"(0, 1, 5, 8)",Cad,C--,C--,A,,
1485,C--,C--,6,A,"(0, 1, 5, 8)",Cad,C--,C--,A,,
1486,C--,C--,6,A,"(0, 1, 5, 8)",Cad,C--,C--,A,,
1487,C--,C--,6,A,"(0, 1, 5, 8)",Cad,C--,C--,A,,
1488,C--,C--,6,A,"(0, 1, 5, 8)",Cad,C--,C--,A,,
1489,C--,C--,6,A,"(0, 1, 5, 8)",Cad,C--,C--,A,,
1490,C--,C--,6,A,"(0, 1, 5, 8)",Cad,C--,C--,A,,
1491,C--,C--,6,A,"(0, 1, 5, 8)",Cad,C--,C--,A,,
1492,C--,C--,6,A,"(0, 1, 5, 8)",Cad,C--,C--,A,,
1493,C--,C--,6,A,"(0, 1, 5, 8)",Cad,C--,C--,A,,
1494,C--,C--,6,A,"(0, 1, 5, 8)",Cad,C--,C--,A,,
1495,C--,C--,6,A,"(0, 1, 5, 8)",Cad,C--,C--,A,,
1496,C--,C--,6,A,"(0, 1, 5, 8)",Cad,C--,C--,A,,
1497,C--,C--,6,A,"(0, 1, 5, 8)",Cad,C--,C--,A,,
1498,C--,C--,6,A,"(0, 1, 5, 8)",Cad,C--,C--,A,,
1499,C--,C--,6,A,"(0, 1, 5, 8)",Cad,C--,C--,A,,
1500,C--,C--,6,A,"(0, 1, 5, 8)",Cad,C--,C--,A,,
1501,C--,C--,6,A,"(0, 1, 5, 8)",Cad,C--,C--,A,,
1502,C--,C--,6,A,"(0, 1, 5, 8)",Cad,C--,C--,A,,
1503,C--,C--,6,A,"(0, 1, 5, 8)",Cad,C--,C--,A,,
1504,C--,C--,6,A,"(0, 1, 5, 8)",Cad,C--,C--,A,,
1505,C--,C--,6,A,"(0, 1, 5, 8)",Cad,C--,C--,A,,
1506,C--,C--,6,A,"(0, 1, 5, 8)",Cad,C--,C--,A,,
1507,C--,C--,6,A,"(0, 1, 5, 8)",Cad,C--,C--,A,,
1508,C--,C--,6,A,"(0, 1, 5, 8)",Cad,C--,C--,A,,
1509,C--,C--,6,A,"(0, 1, 5, 8)",Cad,C--,C--,A,,
1510,C--,C--,6,A,"(0, 1, 5, 8)",Cad,C--,C--,A,,
1511,C--,C--,6,A,"(0, 1, 5, 8)",Cad,C--,C--,A,,
1512,C--,C--,6,A,"(0, 1, 5, 8)",Cad,C--,C--,A,,
1513,C--,C--,6,A,"(0, 1, 5, 8)",Cad,C--,C--,A,,
1514,C--,C--,6,A,"(0, 1, 5, 8)",Cad,C--,C--,A,,
1515,C--,C--,6,A,"(0, 1, 5, 8)",Cad,C--,C--,A,,
1516,C--,C--,6,A,"(0, 1, 5, 8)",Cad,C--,C--,A,,
1517,C--,C--,6,A,"(0, 1, 5, 8)",Cad,C--,C--,A,,
1518,C--,C--,6,A,"(0, 1, 5, 8)",Cad,C--,C--,A,,
1519,C--,C--,6,A,"(0, 1, 5, 8)",Cad,C--,C--,A,,
1520,C--,C--,6,A,"(0, 1, 5, 8)",Cad,C--,C--,A,,
1521,C--,C--,6,A,"(0, 1, 5, 8)",Cad,C--,C--,A,,
1522,C--,C--,6,A,"(0, 1, 5, 8)",Cad,C--,C--,A,,
1523,C--,C--,6,A,"(0, 1, 5, 8)",Cad,C--,C--,A,,
1524,C--,C--,6,A,"(0, 1, 5, 8)",Cad,C--,C--,A,,
1525,C--,C--,6,A,"(0, 1, 5, 8)",Cad,C--,C--,A,,
1526,C--,C--,6,A,"(0, 1, 5, 8)",Cad,C--,C--,A,,
1527,C--,C--,6,A,"(0, 1, 5, 8)",Cad,C--,C--,A,,
1528,C--,C--,6,A,"(0, 1, 5, 8)",Cad,C--,C--,A,,
1529,C--,C--,6,A,"(0, 1, 5, 8)",Cad,C--,C--,A,,
1530,C--,C--,6,A,"(0, 1, 5, 8)",Cad,C--,C--,A,,
1531,C--,C--,6,A,"(0, 1, 5, 8)",Cad,C--,C--,A,,
1532,C--,C--,6,A,"(0, 1, 5, 8)",Cad,C--,C--,A,,
1533,C--,C--,6,A,"(0, 1, 5, 8)",Cad,C--,C--,A,,
1534,C--,C--,6,A,"(0, 1, 5, 8)",Cad,C--,C--,A,,
1535,C--,C--,6,A,"(0, 1, 5, 8)",Cad,C--,C--,A,,
1536,C--,C--,6,A,"(0, 1, 5, 8)",Cad,C--,C--,A,,
1537,C--,C--,6,A,"(0, 1, 5, 8)",Cad,C--,C--,A,,
1538,C--,C--,6,A,"(0, 1, 5, 8)",Cad,C--,C--,A,,
1539,C--,C--,6,A,"(0, 1, 5, 8)",Cad,C--,C--,A,,
1540,C--,C--,6,A,"(0, 1, 5, 8)",Cad,C--,C--,A,,
1541,C--,C--,6,A,"(0, 1, 5, 8)",Cad,C--,C--,A,,
1542,C--,C--,6,A,"(0, 1, 5, 8)",Cad,C--,C--,A,,
1543,C--,C--,6,A,"(0, 1, 5, 8)",Cad,C--,C--,A,,
1544,C--,C--,6,A,"(0, 1, 5, 8)",Cad,C--,C--,A,,
1545,C--,C--,6,A,"(0, 1, 5, 8)",Cad,C--,C--,A,,
1546,C--,C--,6,A,"(0, 1, 5, 8)",Cad,C--,C--,A,,
1547,C--,C--,6,A,"(0, 1, 5, 8)",Cad,C--,C--,A,,
1548,C--,C--,6,A,"(0, 1, 5, 8)",Cad,C--,C--,A,,
1549,C--,C--,6,A,"(0, 1, 5, 8)",Cad,C--,C--,A,,
1550,C--,C--,6,A,"(0, 1, 5, 8)",Cad,C--,C--,A,,
1551,C--,C--,6,A,"(0, 1, 5, 8)",Cad,C--,C--,A,,
1552,C--,C--,6,A,"(0, 1, 5, 8)",Cad,C--,C--,A,,
1553,C--,C--,6,A,"(0, 1, 5, 8)",Cad,C--,C--,A,,
1554,C--,C--,6,A,"(0, 1, 5, 8)",Cad,C--,C--,A,,
1555,C--,C--,6,A,"(0, 1, 5, 8)",Cad,C--,C--,A,,
1556,C--,C--,6,A,"(0, 1, 5, 8)",Cad,C--,C--,A,,
1557,C--,C--,6,A,"(0, 1, 5, 8)",Cad,C--,C--,A,,
1558,C--,C--,6,A,"(0, 1, 5, 8)",Cad,C--,C--,A,,
1559,C--,C--,6,A,"(0, 1, 5, 8)",Cad,C--,C--,A,,
1560,C--,C--,6,A,"(0, 1, 5, 8)",Cad,C--,C--,A,,
1561,C--,C--,6,A,"(0, 1, 5, 8)",Cad,C--,C--,A,,
1562,C--,C--,6,A,"(0, 1, 5, 8)",Cad,C--,C--,A,,
1563,C--,C--,6,A,"(0, 1, 5, 8)",Cad,C--,C--,A,,
1564,C--,C--,6,A,"(0, 1, 5, 8)",Cad,C--,C--,A,,
1565,C--,C--,6,A,"(0, 1, 5, 8)",Cad,C--,C--,A,,
1566,C--,C--,6,A,"(0, 1, 5, 8)",Cad,C--,C--,A,,
1567,C--,C--,6,A,"(0, 1, 5, 8)",Cad,C--,C--,A,,
1568,C--,C--,6,A,"(0, 1, 5, 8)",Cad,C--,C--,A,,
1569,C--,C--,6,A,"(0, 1, 5, 8)",Cad,C--,C--,A,,
1570,C--,C--,6,A,"(0, 1, 5, 8)",Cad,C--,C--,A,,
1571,C--,C--,6,A,"(0, 1, 5, 8)",Cad,C--,C--,A,,
1572,C--,C--,6,A,"(0, 1, 5, 8)",Cad,C--,C--,A,,
1573,C--,C--,6,A,"(0, 1, 5, 8)",Cad,C--,C--,A,,
1574,C--,C--,6,A,"(0, 1, 5, 8)",Cad,C--,C--,A,,
1575,C--,C--,6,A,"(0, 1, 5, 8)",Cad,C--,C--,A,,
1576,C--,C--,6,A,"(0, 1, 5, 8)",Cad,C--,C--,A,,
1577,C--,C--,6,A,"(0, 1, 5, 8)",Cad,C--,C--,A,,
1578,C--,C--,6,A,"(0, 1, 5, 8)",Cad,C--,C--,A,,
1579,C--,C--,6,A,"(0, 1, 5, 8)",Cad,C--,C--,A,,
1580,C--,C--,6,A,"(0, 1, 5, 8)",Cad,C--,C--,A,,
1581,C--,C--,6,A,"(0, 1, 5, 8)",Cad,C--,C--,A,,
1582,C--,C--,6,A,"(0, 1, 5, 8)",Cad,C--,C--,A,,
1583,C--,C--,6,A,"(0, 1, 5, 8)",Cad,C--,C--,A,,
1584,C--,C--,6,A,"(0, 1, 5, 8)",Cad,C--,C--,A,,
1585,C--,C--,6,A,"(0, 1, 5, 8)",Cad,C--,C--,A,,
1586,C--,C--,6,A,"(0, 1, 5, 8)",Cad,C--,C--,A,,
1587,C--,C--,6,A,"(0, 1, 5, 8)",Cad,C--,C--,A,,
1588,C--,C--,6,A,"(0, 1, 5, 8)",Cad,C--,C--,A,,
1589,C--,C--,6,A,"(0, 1, 5, 8)",Cad,C--,C--,A,,
1590,C--,C--,6,A,"(0, 1, 5, 8)",Cad,C--,C--,A,,
1591,C--,C--,6,A,"(0, 1, 5, 8)",Cad,C--,C--,A,,
1592,C--,C--,6,A,"(0, 1, 5, 8)",Cad,C--,C--,A,,
1593,C--,C--,6,A,"(0, 1, 5, 8)",Cad,C--,C--,A,,
1594,C--,C--,6,A,"(0, 1, 5, 8)",Cad,C--,C--,A,,
1595,C--,C--,6,A,"(0, 1, 5, 8)",Cad,C--,C--,A,,
1596,C--,C--,6,A,"(0, 1, 5, 8)",Cad,C--,C--,A,,
1597,C--,C--,6,A,"(0, 1, 5, 8)",Cad,C--,C--,A,,
1598,C--,C--,6,A,"(0, 1, 5, 8)",Cad,C--,C--,A,,
1599,C--,C--,6,A,"(0, 1, 5, 8)",Cad,C--,C--,A,,
1600,C--,C--,6,A,"(0, 1, 5, 8)",Cad,C--,C--,A,,
1601,C--,C--,6,A,"(0, 1, 5, 8)",Cad,C--,C--,A,,
1602,C--,C--,6,A,"(0, 1, 5, 8)",Cad,C--,C--,A,,
1603,C--,C--,6,A,"(0, 1, 5, 8)",Cad,C--,C--,A,,
1604,C--,C--,6,A,"(0, 1, 5, 8)",Cad,C--,C--,A,,
1605,C--,C--,6,A,"(0, 1, 5, 8)",Cad,C--,C--,A,,
1606,C--,C--,6,A,"(0, 1, 5, 8)",Cad,C--,C--,A,,
1607,C--,C--,6,A,"(0, 1, 5, 8)",Cad,C--,C--,A,,
1608,C--,C--,6,A,"(0, 1, 5, 8)",Cad,C--,C--,A,,
1609,C--,C--,6,A,"(0, 1, 5, 8)",Cad,C--,C--,A,,
1610,C--,C--,6,A,"(0, 1, 5, 8)",Cad,C--,C--,A,,
1611,C--,C--,6,A,"(0, 1, 5, 8)",Cad,C--,C--,A,,
1612,C--,C--,6,A,"(0, 1, 5, 8)",Cad,C--,C--,A,,
1613,C--,C--,6,A,"(0, 1, 5, 8)",Cad,C--,C--,A,,
1614,C--,C--,6,A,"(0, 1, 5, 8)",Cad,C--,C--,A,,
1615,C--,C--,6,A,"(0, 1, 5, 8)",Cad,C--,C--,A,,
1616,C--,C--,6,A,"(0, 1, 5, 8)",Cad,C--,C--,A,,
1617,C--,C--,6,A,"(0, 1, 5, 8)",Cad,C--,C--,A,,
1618,C--,C--,6,A,"(0, 1, 5, 8)",Cad,C--,C--,A,,
1619,C--,C--,6,A,"(0, 1, 5, 8)",Cad,C--,C--,A,,
1620,C--,C--,6,A,"(0, 1, 5, 8)",Cad,C--,C--,A,,
1621,C--,C--,6,A,"(0, 1, 5, 8)",Cad,C--,C--,A,,
1622,C--,C--,6,A,"(0, 1, 5, 8)",Cad,C--,C--,A,,
1623,C--,C--,6,A,"(0, 1, 5, 8)",Cad,C--,C--,A,,
1624,C--,C--,6,A,"(0, 1, 5, 8)",Cad,C--,C--,A,,
1625,C--,C--,6,A,"(0, 1, 5, 8)",Cad,C--,C--,A,,
1626,C--,C--,6,A,"(0, 1, 5, 8)",Cad,C--,C--,A,,
1627,C--,C--,6,A,"(0, 1, 5, 8)",Cad,C--,C--,A,,
1628,C--,C--,6,A,"(0, 1, 5, 8)",Cad,C--,C--,A,,
1629,C--,C--,6,A,"(0, 1, 5, 8)",Cad,C--,C--,A,,
1630,C--,C--,6,A,"(0, 1, 5, 8)",Cad,C--,C--,A,,
1631,C--,C--,6,A,"(0, 1, 5, 8)",Cad,C--,C--,A,,
1632,C--,C--,6,A,"(0, 1, 5, 8)",Cad,C--,C--,A,,
1633,C--,C--,6,A,"(0, 1, 5, 8)",Cad,C--,C--,A,,
1634,C--,C--,6,A,"(0, 1, 5, 8)",Cad,C--,C--,A,,
1635,C--,C--,6,A,"(0, 1, 5, 8)",Cad,C--,C--,A,,
1636,C--,C--,6,A,"(0, 1, 5, 8)",Cad,C--,C--,A,,
1637,C--,C--,6,A,"(0, 1, 5, 8)",Cad,C--,C--,A,,
1638,C--,C--,6,A,"(0, 1, 5, 8)",Cad,C--,C--,A,,
1639,C--,C--,6,A,"(0, 1, 5, 8)",Cad,C--,C--,A,,
1640,C--,C--,6,A,"(0, 1, 5, 8)",Cad,C--,C--,A,,
1641,C--,C--,6,A,"(0, 1, 5, 8)",Cad,C--,C--,A,,
1642,C--,C--,6,A,"(0, 1, 5, 8)",Cad,C--,C--,A,,
1643,C--,C--,6,A,"(0, 1, 5, 8)",Cad,C--,C--,A,,
1644,C--,C--,6,A,"(0, 1, 5, 8)",Cad,C--,C--,A,,
1645,C--,C--,6,A,"(0, 1, 5, 8)",Cad,C--,C--,A,,
1646,C--,C--,6,A,"(0, 1, 5, 8)",Cad,C--,C--,A,,
1647,C--,C--,6,A,"(0, 1, 5, 8)",Cad,C--,C--,A,,
1648,C--,C--,6,A,"(0, 1, 5, 8)",Cad,C--,C--,A,,
1649,C--,C--,6,A,"(0, 1, 5, 8)",Cad,C--,C--,A,,
1650,C--,C--,6,A,"(0, 1, 5, 8)",Cad,C--,C--,A,,
1651,C--,C--,6,A,"(0, 1, 5, 8)",Cad,C--,C--,A,,
1652,C--,C--,6,A,"(0, 1, 5, 8)",Cad,C--,C--,A,,
1653,C--,C--,6,A,"(0, 1, 5, 8)",Cad,C--,C--,A,,
1654,C--,C--,6,A,"(0, 1, 5, 8)",Cad,C--,C--,A,,
1655,C--,C--,6,A,"(0, 1, 5, 8)",Cad,C--,C--,A,,
1656,C--,C--,6,A,"(0, 1, 5, 8)",Cad,C--,C--,A,,
1657,C--,C--,6,A,"(0, 1, 5, 8)",Cad,C--,C--,A,,
1658,C--,C--,6,A,"(0, 1, 5, 8)",Cad,C--,C--,A,,
1659,C--,C--,6,A,"(0, 1, 5, 8)",Cad,C--,C--,A,,
1660,C--,C--,6,A,"(0, 1, 5, 8)",Cad,C--,C--,A,,
1661,C--,C--,6,A,"(0, 1, 5, 8)",Cad,C--,C--,A,,
1662,C--,C--,6,A,"(0, 1, 5, 8)",Cad,C--,C--,A,,
1663,C--,C--,6,A,"(0, 1, 5, 8)",Cad,C--,C--,A,,
1664,C--,C--,6,A,"(0, 1, 5, 8)",Cad,C--,C--,A,,
1665,C--,C--,6,A,"(0, 1, 5, 8)",Cad,C--,C--,A,,
1666,C--,C--,6,A,"(0, 1, 5, 8)",Cad,C--,C--,A,,
1667,C--,C--,6,A,"(0, 1, 5, 8)",Cad,C--,C--,A,,
1668,C--,C--,6,A,"(0, 1, 5, 8)",Cad,C--,C--,A,,
1669,C--,C--,6,A,"(0, 1, 5, 8)",Cad,C--,C--,A,,
1670,C--,C--,6,A,"(0, 1, 5, 8)",Cad,C--,C--,A,,
1671,C--,C--,6,A,"(0, 1, 5, 8)",Cad,C--,C--,A,,
1672,C--,C--,6,A,"(0, 1, 5, 8)",Cad,C--,C--,A,,
1673,C--,C--,6,A,"(0, 1, 5, 8)",Cad,C--,C--,A,,
1674,C--,C--,6,A,"(0, 1, 5, 8)",Cad,C--,C--,A,,
1675,C--,C--,6,A,"(0, 1, 5, 8)",Cad,C--,C--,A,,
1676,C--,C--,6,A,"(0, 1, 5, 8)",Cad,C--,C--,A,,
1677,C--,C--,6,A,"(0, 1, 5, 8)",Cad,C--,C--,A,,
1678,C--,C--,6,A,"(0, 1, 5, 8)",Cad,C--,C--,A,,
1679,C--,C--,6,A,"(0, 1, 5, 8)",Cad,C--,C--,A,,
1680,C--,C--,6,A,"(0, 1, 5, 8)",Cad,C--,C--,A,,
1681,C--,C--,6,A,"(0, 1, 5, 8)",Cad,C--,C--,A,,
1682,C--,C--,6,A,"(0, 1, 5, 8)",Cad,C--,C--,A,,
1683,C--,C--,6,A,"(0, 1, 5, 8)",Cad,C--,C--,A,,
1684,C--,C--,6,A,"(0, 1, 5, 8)",Cad,C--,C--,A,,
1685,C--,C--,6,A,"(0, 1, 5, 8)",Cad,C--,C--,A,,
1686,C--,C--,6,A,"(0, 1, 5, 8)",Cad,C--,C--,A,,
1687,C--,C--,6,A,"(0, 1, 5, 8)",Cad,C--,C--,A,,
1688,C--,C--,6,A,"(0, 1, 5, 8)",Cad,C--,C--,A,,
1689,C--,C--,6,A,"(0, 1, 5, 8)",Cad,C--,C--,A,,
1690,C--,C--,6,A,"(0, 1, 5, 8)",Cad,C--,C--,A,,
1691,C--,C--,6,A,"(0, 1, 5, 8)",Cad,C--,C--,A,,
1692,C--,C--,6,A,"(0, 1, 5, 8)",Cad,C--,C--,A,,
1693,C--,C--,6,A,"(0, 1, 5, 8)",Cad,C--,C--,A,,
1694,C--,C--,6,A,"(0, 1, 5, 8)",Cad,C--,C--,A,,
1695,C--,C--,6,A,"(0, 1, 5, 8)",Cad,C--,C--,A,,
1696,C--,C--,6,A,"(0, 1, 5, 8)",Cad,C--,C--,A,,
1697,C--,C--,6,A,"(0, 1, 5, 8)",Cad,C--,C--,A,,
1698,C--,C--,6,A,"(0, 1, 5, 8)",Cad,C--,C--,A,,
1699,C--,C--,6,A,"(0, 1, 5, 8)",Cad,C--,C--,A,,
1700,C--,C--,6,A,"(0, 1, 5, 8)",Cad,C--,C--,A,,
1701,C--,C--,6,A,"(0, 1, 5, 8)",Cad,C--,C--,A,,
1702,C--,C--,6,A,"(0, 1, 5, 8)",Cad,C--,C--,A,,
1703,C--,C--,6,A,"(0, 1, 5, 8)",Cad,C--,C--,A,,
1704,C--,C--,6,A,"(0, 1, 5, 8)",Cad,C--,C--,A,,
1705,C--,C--,6,A,"(0, 1, 5, 8)",Cad,C--,C--,A,,
1706,C--,C--,6,A,"(0, 1, 5, 8)",Cad,C--,C--,A,,
1707,C--,C--,6,A,"(0, 1, 5, 8)",Cad,C--,C--,A,,
1708,C--,C--,6,A,"(0, 1, 5, 8)",Cad,C--,C--,A,,
1709,C--,C--,6,A,"(0, 1, 5, 8)",Cad,C--,C--,A,,
1710,C--,C--,6,A,"(0, 1, 5, 8)",Cad,C--,C--,A,,
1711,C--,C--,6,A,"(0, 1, 5, 8)",Cad,C--,C--,A,,
1712,C--,C--,6,A,"(0, 1, 5, 8)",Cad,C--,C--,A,,
1713,C--,C--,6,A,"(0, 1, 5, 8)",Cad,C--,C--,A,,
1714,C--,C--,6,A,"(0, 1, 5, 8)",Cad,C--,C--,A,,
1715,C--,C--,6,A,"(0, 1, 5, 8)",Cad,C--,C--,A,,
1716,C--,C--,6,A,"(0, 1, 5, 8)",Cad,C--,C--,A,,
1717,C--,C--,6,A,"(0, 1, 5, 8)",Cad,C--,C--,A,,
1718,C--,C--,6,A,"(0, 1, 5, 8)",Cad,C--,C--,A,,
1719,C--,C--,6,A,"(0, 1, 5, 8)",Cad,C--,C--,A,,
1720,C--,C--,6,A,"(0, 1, 5, 8)",Cad,C--,C--,A,,
1721,C--,C--,6,A,"(0, 1, 5, 8)",Cad,C--,C--,A,,
1722,C--,C--,6,A,"(0, 1, 5, 8)",Cad,C--,C--,A,,
1723,C--,C--,6,A,"(0, 1, 5, 8)",Cad,C--,C--,A,,
1724,C--,C--,6,A,"(0, 1, 5, 8)",Cad,C--,C--,A,,
1725,C--,C--,6,A,"(0, 1, 5, 8)",Cad,C--,C--,A,,
1726,C--,C--,6,A,"(0, 1, 5, 8)",Cad,C--,C--,A,,
1727,C--,C--,6,A,"(0, 1, 5, 8)",Cad,C--,C--,A,,
1728,C--,C--,6,A,"(0, 1, 5, 8)",Cad,C--,C--,A,,
1729,C--,C--,6,A,"(0, 1, 5, 8)",Cad,C--,C--,A,,
1730,C--,C--,6,A,"(0, 1, 5, 8)",Cad,C--,C--,A,,
1731,C--,C--,6,A,"(0, 1, 5, 8)",Cad,C--,C--,A,,
1732,C--,C--,6,A,"(0, 1, 5, 8)",Cad,C--,C--,A,,
1733,C--,C--,6,A,"(0, 1, 5, 8)",Cad,C--,C--,A,,
1734,C--,C--,6,A,"(0, 1, 5, 8)",Cad,C--,C--,A,,
1735,C--,C--,6,A,"(0, 1, 5, 8)",Cad,C--,C--,A,,
1736,C--,C--,6,A,"(0, 1, 5, 8)",Cad,C--,C--,A,,
1737,C--,C--,6,A,"(0, 1, 5, 8)",Cad,C--,C--,A,,
1738,C--,C--,6,A,"(0, 1, 5, 8)",Cad,C--,C--,A,,
1739,C--,C--,6,A,"(0, 1, 5, 8)",Cad,C--,C--,A,,
1740,C--,C--,6,A,"(0, 1, 5, 8)",Cad,C--,C--,A,,
1741,C--,C--,6,A,"(0, 1, 5, 8)",Cad,C--,C--,A,,
1742,C--,C--,6,A,"(0, 1, 5, 8)",Cad,C--,C--,A,,
1743,C--,C--,6,A,"(0, 1, 5, 8)",Cad,C--,C--,A,,
1744,C--,C--,6,A,"(0, 1, 5, 8)",Cad,C--,C--,A,,
1745,C--,C--,6,A,"(0, 1, 5, 8)",Cad,C--,C--,A,,
1746,C--,C--,6,A,"(0, 1, 5, 8)",Cad,C--,C--,A,,
1747,C--,C--,6,A,"(0, 1, 5, 8)",Cad,C--,C--,A,,
1748,C--,C--,6,A,"(0, 1, 5, 8)",Cad,C--,C--,A,,
1749,C--,C--,6,A,"(0, 1, 5, 8)",Cad,C--,C--,A,,
1750,C--,C--,6,A,"(0, 1, 5, 8)",Cad,C--,C--,A,,
1751,C--,C--,6,A,"(0, 1, 5, 8)",Cad,C--,C--,A,,
1752,C--,C--,6,A,"(0, 1, 5, 8)",Cad,C--,C--,A,,
1753,C--,C--,6,A,"(0, 1, 5, 8)",Cad,C--,C--,A,,
1754,C--,C--,6,A,"(0, 1, 5, 8)",Cad,C--,C--,A,,
1755,C--,C--,6,A,"(0, 1, 5, 8)",Cad,C--,C--,A,,
1756,C--,C--,6,A,"(0, 1, 5, 8)",Cad,C--,C--,A,,
1757,C--,C--,6,A,"(0, 1, 5, 8)",Cad,C--,C--,A,,
1758,C--,C--,6,A,"(0, 1, 5, 8)",Cad,C--,C--,A,,
1759,C--,C--,6,A,"(0, 1, 5, 8)",Cad,C--,C--,A,,
1760,C--,C--,6,A,"(0, 1, 5, 8)",Cad,C--,C--,A,,
1761,C--,C--,6,A,"(0, 1, 5, 8)",Cad,C--,C--,A,,
1762,C--,C--,6,A,"(0, 1, 5, 8)",Cad,C--,C--,A,,
1763,C--,C--,6,A,"(0, 1, 5, 8)",Cad,C--,C--,A,,
1764,C--,C--,6,A,"(0, 1, 5, 8)",Cad,C--,C--,A,,
1765,C--,C--,6,A,"(0, 1, 5, 8)",Cad,C--,C--,A,,
1766,C--,C--,6,A,"(0, 1, 5, 8)",Cad,C--,C--,A,,
1767,C--,C--,6,A,"(0, 1, 5, 8)",Cad,C--,C--,A,,
1768,C--,C--,6,A,"(0, 1, 5, 8)",Cad,C--,C--,A,,
1769,C--,C--,6,A,"(0, 1, 5, 8)",Cad,C--,C--,A,,
1770,C--,C--,6,A,"(0, 1, 5, 8)",Cad,C--,C--,A,,
1771,C--,C--,6,A,"(0, 1, 5, 8)",Cad,C--,C--,A,,
1772,C--,C--,6,A,"(0, 1, 5, 8)",Cad,C--,C--,A,,
1773,C--,C--,6,A,"(0, 1, 5, 8)",Cad,C--,C--,A,,
1774,C--,C--,6,A,"(0, 1, 5, 8)",Cad,C--,C--,A,,
1775,C--,C--,6,A,"(0, 1, 5, 8)",Cad,C--,C--,A,,
1776,C--,C--,6,A,"(0, 1, 5, 8)",Cad,C--,C--,A,,
1777,C--,C--,6,A,"(0, 1, 5, 8)",Cad,C--,C--,A,,
1778,C--,C--,6,A,"(0, 1, 5, 8)",Cad,C--,C--,A,,
1779,C--,C--,6,A,"(0, 1, 5, 8)",Cad,C--,C--,A,,
1780,C--,C--,6,A,"(0, 1, 5, 8)",Cad,C--,C--,A,,
1781,C--,C--,6,A,"(0, 1, 5, 8)",Cad,C--,C--,A,,
1782,C--,C--,6,A,"(0, 1, 5, 8)",Cad,C--,C--,A,,
1783,C--,C--,6,A,"(0, 1, 5, 8)",Cad,C--,C--,A,,
1784,C--,C--,6,A,"(0, 1, 5, 8)",Cad,C--,C--,A,,
1785,C--,C--,6,A,"(0, 1, 5, 8)",Cad,C--,C--,A,,
1786,C--,C--,6,A,"(0, 1, 5, 8)",Cad,C--,C--,A,,
1787,C--,C--,6,A,"(0, 1, 5, 8)",Cad,C--,C--,A,,
1788,C--,C--,6,A,"(0, 1, 5, 8)",Cad,C--,C--,A,,
1789,C--,C--,6,A,"(0, 1, 5, 8)",Cad,C--,C--,A,,
1790,C--,C--,6,A,"(0, 1, 5, 8)",Cad,C--,C--,A,,
1791,C--,C--,6,A,"(0, 1, 5, 8)",Cad,C--,C--,A,,
1792,C--,C--,6,A,"(0, 1, 5, 8)",Cad,C--,C--,A,,
1793,C--,C--,6,A,"(0, 1, 5, 8)",Cad,C--,C--,A,,
1794,C--,C--,6,A,"(0, 1, 5, 8)",Cad,C--,C--,A,,
1795,C--,C--,6,A,"(0, 1, 5, 8)",Cad,C--,C--,A,,
1796,C--,C--,6,A,"(0, 1, 5, 8)",Cad,C--,C--,A,,
1797,C--,C--,6,A,"(0, 1, 5, 8)",Cad,C--,C--,A,,
1798,C--,C--,6,A,"(0, 1, 5, 8)",Cad,C--,C--,A,,
1799,C--,C--,6,A,"(0, 1, 5, 8)",Cad,C--,C--,A,,
1800,C--,C--,6,A,"(0, 1, 5, 8)",Cad,C--,C--,A,,
1801,C--,C--,6,A,"(0, 1, 5, 8)",Cad,C--,C--,A,,
1802,C--,C--,6,A,"(0, 1, 5, 8)",Cad,C--,C--,A,,
1803,C--,C--,6,A,"(0, 1, 5, 8)",Cad,C--,C--,A,,
1804,C--,C--,6,A,"(0, 1, 5, 8)",Cad,C--,C--,A,,
1805,C--,C--,6,A,"(0, 1, 5, 8)",Cad,C--,C--,A,,
1806,C--,C--,6,A,"(0, 1, 5, 8)",Cad,C--,C--,A,,
1807,C--,C--,6,A,"(0, 1, 5, 8)",Cad,C--,C--,A,,
1808,C--,C--,6,A,"(0, 1, 5, 8)",Cad,C--,C--,A,,
1809,C--,C--,6,A,"(0, 1, 5, 8)",Cad,C--,C--,A,,
1810,C--,C--,6,A,"(0, 1, 5, 8)",Cad,C--,C--,A,,
1811,C--,C--,6,A,"(0, 1, 5, 8)",Cad,C--,C--,A,,
1812,C--,C--,6,A,"(0, 1, 5, 8)",Cad,C--,C--,A,,
1813,C--,C--,6,A,"(0, 1, 5, 8)",Cad,C--,C--,A,,
1814,C--,C--,6,A,"(0, 1, 5, 8)",Cad,C--,C--,A,,
1815,C--,C--,6,A,"(0, 1, 5, 8)",Cad,C--,C--,A,,
1816,C--,C--,6,A,"(0, 1, 5, 8)",Cad,C--,C--,A,,
1817,C--,C--,6,A,"(0, 1, 5, 8)",Cad,C--,C--,A,,
1818,C--,C--,6,A,"(0, 1, 5, 8)",Cad,C--,C--,A,,
1819,C--,C--,6,A,"(0, 1, 5, 8)",Cad,C--,C--,A,,
1820,C--,C--,6,A,"(0, 1, 5, 8)",Cad,C--,C--,A,,
1821,C--,C--,6,A,"(0, 1, 5, 8)",Cad,C--,C--,A,,
1822,C--,C--,6,A,"(0, 1, 5, 8)",Cad,C--,C--,A,,
1823,C--,C--,6,A,"(0, 1, 5, 8)",Cad,C--,C--,A,,
1824,C--,C--,6,A,"(0, 1, 5, 8)",Cad,C--,C--,A,,
1825,C--,C--,6,A,"(0, 1, 5, 8)",Cad,C--,C--,A,,
1826,C--,C--,6,A,"(0, 1, 5, 8)",Cad,C--,C--,A,,
1827,C--,C--,6,A,"(0, 1, 5, 8)",Cad,C--,C--,A,,
1828,C--,C--,6,A,"(0, 1, 5, 8)",Cad,C--,C--,A,,
1829,C--,C--,6,A,"(0, 1, 5, 8)",Cad,C--,C--,A,,
1830,C--,C--,6,A,"(0, 1, 5, 8)",Cad,C--,C--,A,,
1831,C--,C--,6,A,"(0, 1, 5, 8)",Cad,C--,C--,A,,
1832,C--,C--,6,A,"(0, 1, 5, 8)",Cad,C--,C--,A,,
1833,C--,C--,6,A,"(0, 1, 5, 8)",Cad,C--,C--,A,,
1834,C--,C--,6,A,"(0, 1, 5, 8)",Cad,C--,C--,A,,
1835,C--,C--,6,A,"(0, 1, 5, 8)",Cad,C--,C--,A,,
1836,C--,C--,6,A,"(0, 1, 5, 8)",Cad,C--,C--,A,,
1837,C--,C--,6,A,"(0, 1, 5, 8)",Cad,C--,C--,A,,
1838,C--,C--,6,A,"(0, 1, 5, 8)",Cad,C--,C--,A,,
1839,C--,C--,6,A,"(0, 1, 5, 8)",Cad,C--,C--,A,,
1840,C--,C--,6,A,"(0, 1, 5, 8)",Cad,C--,C--,A,,
1841,C--,C--,6,A,"(0, 1, 5, 8)",Cad,C--,C--,A,,
1842,C--,C--,6,A,"(0, 1, 5, 8)",Cad,C--,C--,A,,
1843,C--,C--,6,A,"(0, 1, 5, 8)",Cad,C--,C--,A,,
1844,C--,C--,6,A,"(0, 1, 5, 8)",Cad,C--,C--,A,,
1845,C--,C--,6,A,"(0, 1, 5, 8)",Cad,C--,C--,A,,
1846,C--,C--,6,A,"(0, 1, 5, 8)",Cad,C--,C--,A,,
1847,C--,C--,6,A,"(0, 1, 5, 8)",Cad,C--,C--,A,,
1848,C--,C--,6,A,"(0, 1, 5, 8)",Cad,C--,C--,A,,
1849,C--,C--,6,A,"(0, 1, 5, 8)",Cad,C--,C--,A,,
1850,C--,C--,6,A,"(0, 1, 5, 8)",Cad,C--,C--,A,,
1851,C--,C--,6,A,"(0, 1, 5, 8)",Cad,C--,C--,A,,
1852,C--,C--,6,A,"(0, 1, 5, 8)",Cad,C--,C--,A,,
1853,C--,C--,6,A,"(0, 1, 5, 8)",Cad,C--,C--,A,,
1854,C--,C--,6,A,"(0, 1, 5, 8)",Cad,C--,C--,A,,
1855,C--,C--,6,A,"(0, 1, 5, 8)",Cad,C--,C--,A,,
1856,C--,C--,6,A,"(0, 1, 5, 8)",Cad,C--,C--,A,,
1857,C--,C--,6,A,"(0, 1, 5, 8)",Cad,C--,C--,A,,
1858,C--,C--,6,A,"(0, 1, 5, 8)",Cad,C--,C--,A,,
1859,C--,C--,6,A,"(0, 1, 5, 8)",Cad,C--,C--,A,,
1860,C--,C--,6,A,"(0, 1, 5, 8)",Cad,C--,C--,A,,
1861,C--,C--,6,A,"(0, 1, 5, 8)",Cad,C--,C--,A,,
1862,C--,C--,6,A,"(0, 1, 5, 8)",Cad,C--,C--,A,,
1863,C--,C--,6,A,"(0, 1, 5, 8)",Cad,C--,C--,A,,
1864,C--,C--,6,A,"(0, 1, 5, 8)",Cad,C--,C--,A,,
1865,C--,C--,6,A,"(0, 1, 5, 8)",Cad,C--,C--,A,,
1866,C--,C--,6,A,"(0, 1, 5, 8)",Cad,C--,C--,A,,
1867,C--,C--,6,A,"(0, 1, 5, 8)",Cad,C--,C--,A,,
1868,C--,C--,6,A,"(0, 1, 5, 8)",Cad,C--,C--,A,,
1869,C--,C--,6,A,"(0, 1, 5, 8)",Cad,C--,C--,A,,
1870,C--,C--,6,A,"(0, 1, 5, 8)",Cad,C--,C--,A,,
1871,C--,C--,6,A,"(0, 1, 5, 8)",Cad,C--,C--,A,,
1872,C--,C--,6,A,"(0, 1, 5, 8)",Cad,C--,C--,A,,
1873,C--,C--,6,A,"(0, 1, 5, 8)",Cad,C--,C--,A,,
1874,C--,C--,6,A,"(0, 1, 5, 8)",Cad,C--,C--,A,,
1875,C--,C--,6,A,"(0, 1, 5, 8)",Cad,C--,C--,A,,
1876,C--,C--,6,A,"(0, 1, 5, 8)",Cad,C--,C--,A,,
1877,C--,C--,6,A,"(0, 1, 5, 8)",Cad,C--,C--,A,,
1878,C--,C--,6,A,"(0, 1, 5, 8)",Cad,C--,C--,A,,
1879,C--,C--,6,A,"(0, 1, 5, 8)",Cad,C--,C--,A,,
1880,C--,C--,6,A,"(0, 1, 5, 8)",Cad,C--,C--,A,,
1881,C--,C--,6,A,"(0, 1, 5, 8)",Cad,C--,C--,A,,
1882,C--,C--,6,A,"(0, 1, 5, 8)",Cad,C--,C--,A,,
1883,C--,C--,6,A,"(0, 1, 5, 8)",Cad,C--,C--,A,,
1884,C--,C--,6,A,"(0, 1, 5, 8)",Cad,C--,C--,A,,
1885,C--,C--,6,A,"(0, 1, 5, 8)",Cad,C--,C--,A,,
1886,C--,C--,6,A,"(0, 1, 5, 8)",Cad,C--,C--,A,,
1887,C--,C--,6,A,"(0, 1, 5, 8)",Cad,C--,C--,A,,
1888,C--,C--,6,A,"(0, 1, 5, 8)",Cad,C--,C--,A,,
1889,C--,C--,6,A,"(0, 1, 5, 8)",Cad,C--,C--,A,,
1890,C--,C--,6,A,"(0, 1, 5, 8)",Cad,C--,C--,A,,
1891,C--,C--,6,A,"(0, 1, 5, 8)",Cad,C--,C--,A,,
1892,C--,C--,6,A,"(0, 1, 5, 8)",Cad,C--,C--,A,,
1893,C--,C--,6,A,"(0, 1, 5, 8)",Cad,C--,C--,A,,
1894,C--,C--,6,A,"(0, 1, 5, 8)",Cad,C--,C--,A,,
1895,C--,C--,6,A,"(0, 1, 5, 8)",Cad,C--,C--,A,,
1896,C--,C--,6,A,"(0, 1, 5, 8)",Cad,C--,C--,A,,
1897,C--,C--,6,A,"(0, 1, 5, 8)",Cad,C--,C--,A,,
1898,C--,C--,6,A,"(0, 1, 5, 8)",Cad,C--,C--,A,,
1899,C--,C--,6,A,"(0, 1, 5, 8)",Cad,C--,C--,A,,
1900,C--,C--,6,A,"(0, 1, 5, 8)",Cad,C--,C--,A,,
1901,C--,C--,6,A,"(0, 1, 5, 8)",Cad,C--,C--,A,,
1902,C--,C--,6,A,"(0, 1, 5, 8)",Cad,C--,C--,A,,
1903,C--,C--,6,A,"(0, 1, 5, 8)",Cad,C--,C--,A,,
1904,C--,C--,6,A,"(0, 1, 5, 8)",Cad,C--,C--,A,,
1905,C--,C--,6,A,"(0, 1, 5, 8)",Cad,C--,C--,A,,
1906,C--,C--,6,A,"(0, 1, 5, 8)",Cad,C--,C--,A,,
1907,C--,C--,6,A,"(0, 1, 5, 8)",Cad,C--,C--,A,,
1908,C--,C--,6,A,"(0, 1, 5, 8)",Cad,C--,C--,A,,
1909,C--,C--,6,A,"(0, 1, 5, 8)",Cad,C--,C--,A,,
1910,C--,C--,6,A,"(0, 1, 5, 8)",Cad,C--,C--,A,,
1911,C--,C--,6,A,"(0, 1, 5, 8)",Cad,C--,C--,A,,
1912,C--,C--,6,A,"(0, 1, 5, 8)",Cad,C--,C--,A,,
1913,C--,C--,6,A,"(0, 1, 5, 8)",Cad,C--,C--,A,,
1914,C--,C--,6,A,"(0, 1, 5, 8)",Cad,C--,C--,A,,
1915,C--,C--,6,A,"(0, 1, 5, 8)",Cad,C--,C--,A,,
1916,C--,C--,6,A,"(0, 1, 5, 8)",Cad,C--,C--,A,,
1917,C--,C--,6,A,"(0, 1, 5, 8)",Cad,C--,C--,A,,
1918,C--,C--,6,A,"(0, 1, 5, 8)",Cad,C--,C--,A,,
1919,C--,C--,6,A,"(0, 1, 5, 8)",Cad,C--,C--,A,,
